
-- teams_asismiembroequipo
INSERT INTO "teams_asismiembroequipo" ("con_miembro_equipo","miembro_equipo_id","programacion_id") VALUES (1,1,1);
INSERT INTO "teams_asismiembroequipo" ("con_miembro_equipo","miembro_equipo_id","programacion_id") VALUES (2,2,2);
INSERT INTO "teams_asismiembroequipo" ("con_miembro_equipo","miembro_equipo_id","programacion_id") VALUES (3,3,3);
INSERT INTO "teams_asismiembroequipo" ("con_miembro_equipo","miembro_equipo_id","programacion_id") VALUES (4,4,4);
INSERT INTO "teams_asismiembroequipo" ("con_miembro_equipo","miembro_equipo_id","programacion_id") VALUES (5,4,8);
INSERT INTO "teams_asismiembroequipo" ("con_miembro_equipo","miembro_equipo_id","programacion_id") VALUES (6,5,5);
INSERT INTO "teams_asismiembroequipo" ("con_miembro_equipo","miembro_equipo_id","programacion_id") VALUES (7,6,6);
INSERT INTO "teams_asismiembroequipo" ("con_miembro_equipo","miembro_equipo_id","programacion_id") VALUES (8,7,7);
INSERT INTO "teams_asismiembroequipo" ("con_miembro_equipo","miembro_equipo_id","programacion_id") VALUES (9,8,12);
INSERT INTO "teams_asismiembroequipo" ("con_miembro_equipo","miembro_equipo_id","programacion_id") VALUES (10,4,11);
INSERT INTO "teams_asismiembroequipo" ("con_miembro_equipo","miembro_equipo_id","programacion_id") VALUES (11,8,11);
INSERT INTO "teams_asismiembroequipo" ("con_miembro_equipo","miembro_equipo_id","programacion_id") VALUES (12,1,10);

--teams_miembroequipo
INSERT INTO "teams_miembroequipo" ("itemMiembro","equipo_id","estudiante_id") VALUES (1,1,'20221020001');
INSERT INTO "teams_miembroequipo" ("itemMiembro","equipo_id","estudiante_id") VALUES (2,1,'20221020002');
INSERT INTO "teams_miembroequipo" ("itemMiembro","equipo_id","estudiante_id") VALUES (3,2,'20221020003');
INSERT INTO "teams_miembroequipo" ("itemMiembro","equipo_id","estudiante_id") VALUES (4,4,'20221020004');
INSERT INTO "teams_miembroequipo" ("itemMiembro","equipo_id","estudiante_id") VALUES (5,5,'20221020005');
INSERT INTO "teams_miembroequipo" ("itemMiembro","equipo_id","estudiante_id") VALUES (6,6,'20221020006');
INSERT INTO "teams_miembroequipo" ("itemMiembro","equipo_id","estudiante_id") VALUES (7,8,'20221020008');
INSERT INTO "teams_miembroequipo" ("itemMiembro","equipo_id","estudiante_id") VALUES (8,9,'20221020009');
INSERT INTO "teams_miembroequipo" ("itemMiembro","equipo_id","estudiante_id") VALUES (9,10,'20221020010');

--teams_equipo
INSERT INTO "teams_equipo" ("consec_equipo","fecha_resol","deporte_id","empleado_id") VALUES (1,'2022-08-10','01','0002');
INSERT INTO "teams_equipo" ("consec_equipo","fecha_resol","deporte_id","empleado_id") VALUES (2,'2022-08-10','02','0003');
INSERT INTO "teams_equipo" ("consec_equipo","fecha_resol","deporte_id","empleado_id") VALUES (3,'2022-08-10','03','0004');
INSERT INTO "teams_equipo" ("consec_equipo","fecha_resol","deporte_id","empleado_id") VALUES (4,'2022-08-10','04','0005');
INSERT INTO "teams_equipo" ("consec_equipo","fecha_resol","deporte_id","empleado_id") VALUES (5,'2022-08-10','05','0002');
INSERT INTO "teams_equipo" ("consec_equipo","fecha_resol","deporte_id","empleado_id") VALUES (6,'2022-08-10','06','0003');
INSERT INTO "teams_equipo" ("consec_equipo","fecha_resol","deporte_id","empleado_id") VALUES (7,'2022-08-10','07','0004');
INSERT INTO "teams_equipo" ("consec_equipo","fecha_resol","deporte_id","empleado_id") VALUES (8,'2022-08-10','08','0005');
INSERT INTO "teams_equipo" ("consec_equipo","fecha_resol","deporte_id","empleado_id") VALUES (9,'2022-08-10','09','0002');
INSERT INTO "teams_equipo" ("consec_equipo","fecha_resol","deporte_id","empleado_id") VALUES (10,'2022-08-10','10','0003');
INSERT INTO "teams_equipo" ("consec_equipo","fecha_resol","deporte_id","empleado_id") VALUES (11,'2022-08-10','10','0004');
INSERT INTO "teams_equipo" ("consec_equipo","fecha_resol","deporte_id","empleado_id") VALUES (12,'2022-08-10','11','0005');
INSERT INTO "teams_equipo" ("consec_equipo","fecha_resol","deporte_id","empleado_id") VALUES (13,'2022-08-10','12','0002');

-- django_session
INSERT INTO "django_session" ("session_key","session_data","expire_date") VALUES ('wkjrtjy3oljlsma7gh2ygz2d2hfx0rh5','.eJxVjMsOwiAQRf-FtSGlPAZcuvcbyDAMUjU0Ke3K-O_apAvd3nPOfYmI21rj1nmJUxZnocTpd0tID247yHdst1nS3NZlSnJX5EG7vM6Zn5fD_Tuo2Ou3ZkUI6AuwNpkGPSJkUIEKqsQq0WiQNLL3AWwGB8HRYEvxmLQja1i8PwubOMk:1oLbhV:9m1bEZA6H5oUBJnt8oXSfQbVq4mjG8W4oM50HtUu_Nk','2022-08-24 02:44:05.912464');
INSERT INTO "django_session" ("session_key","session_data","expire_date") VALUES ('sgz66bdxg43frh0ztegk510hy3dny4jm','.eJxVjMsOwiAQRf-FtSGlPAZcuvcbyDAMUjU0Ke3K-O_apAvd3nPOfYmI21rj1nmJUxZnocTpd0tID247yHdst1nS3NZlSnJX5EG7vM6Zn5fD_Tuo2Ou3ZkUI6AuwNpkGPSJkUIEKqsQq0WiQNLL3AWwGB8HRYEvxmLQja1i8PwubOMk:1oLeWu:7zuqdvqP0a8bYq-10mdzmBiSZZBJBmcy8rF1pTFM2hk','2022-08-24 05:45:20.004408');

--programming_espacio
INSERT INTO "programming_espacio" ("cod_espacio","nom_espacio","tipo_espacio_id") VALUES ('01','Unidad deportiva el Salitre','01');
INSERT INTO "programming_espacio" ("cod_espacio","nom_espacio","tipo_espacio_id") VALUES ('S1','Sede Deportiva El Dorado','02');
INSERT INTO "programming_espacio" ("cod_espacio","nom_espacio","tipo_espacio_id") VALUES ('S2','Sede Deportiva Millonarios FC','02');
INSERT INTO "programming_espacio" ("cod_espacio","nom_espacio","tipo_espacio_id") VALUES ('S3','Club deportivo Cafam Madelena','02');
INSERT INTO "programming_espacio" ("cod_espacio","nom_espacio","tipo_espacio_id") VALUES ('C1','Campo de Fútbol Millonarios FC','03');
INSERT INTO "programming_espacio" ("cod_espacio","nom_espacio","tipo_espacio_id") VALUES ('P1','Pista Millonarios FC','04');
INSERT INTO "programming_espacio" ("cod_espacio","nom_espacio","tipo_espacio_id") VALUES ('N1','Piscina Millonarios FC','06');
INSERT INTO "programming_espacio" ("cod_espacio","nom_espacio","tipo_espacio_id") VALUES ('C2','Campo de Atletismo El Dorado','03');
INSERT INTO "programming_espacio" ("cod_espacio","nom_espacio","tipo_espacio_id") VALUES ('P2','Pista BMX El Dorado','04');
INSERT INTO "programming_espacio" ("cod_espacio","nom_espacio","tipo_espacio_id") VALUES ('N2','Piscina Olimpica El Dorado','06');
INSERT INTO "programming_espacio" ("cod_espacio","nom_espacio","tipo_espacio_id") VALUES ('C3','Campo de patinaje Cafam','03');
INSERT INTO "programming_espacio" ("cod_espacio","nom_espacio","tipo_espacio_id") VALUES ('P3','Pista Ciclismo Cafam','04');
INSERT INTO "programming_espacio" ("cod_espacio","nom_espacio","tipo_espacio_id") VALUES ('N3','Piscina Infantil Cafam','06');
INSERT INTO "programming_espacio" ("cod_espacio","nom_espacio","tipo_espacio_id") VALUES ('M1','Sala Máquinas Millonarios FC','07');
INSERT INTO "programming_espacio" ("cod_espacio","nom_espacio","tipo_espacio_id") VALUES ('M2','Sala Máquinas El Dorado','07');
INSERT INTO "programming_espacio" ("cod_espacio","nom_espacio","tipo_espacio_id") VALUES ('M3','Sala Máquinas Cafam','07');
INSERT INTO "programming_espacio" ("cod_espacio","nom_espacio","tipo_espacio_id") VALUES ('U1','Unidad deportiva el Salitre','01');
INSERT INTO "programming_espacio" ("cod_espacio","nom_espacio","tipo_espacio_id") VALUES ('K0','Salón 1 Millonarios FC','05');
INSERT INTO "programming_espacio" ("cod_espacio","nom_espacio","tipo_espacio_id") VALUES ('K1','Salón 2 Millonarios FC','05');
INSERT INTO "programming_espacio" ("cod_espacio","nom_espacio","tipo_espacio_id") VALUES ('K2','Salón 3 Millonarios FC','05');
INSERT INTO "programming_espacio" ("cod_espacio","nom_espacio","tipo_espacio_id") VALUES ('K3','Salón 4 Millonarios FC','05');
INSERT INTO "programming_espacio" ("cod_espacio","nom_espacio","tipo_espacio_id") VALUES ('K4','Salón 5 Millonarios FC','05');
INSERT INTO "programming_espacio" ("cod_espacio","nom_espacio","tipo_espacio_id") VALUES ('K5','Salón 6 Millonarios FC','05');
INSERT INTO "programming_espacio" ("cod_espacio","nom_espacio","tipo_espacio_id") VALUES ('K6','Salón 7 Millonarios FC','05');
INSERT INTO "programming_espacio" ("cod_espacio","nom_espacio","tipo_espacio_id") VALUES ('K7','Salón 8 Millonarios FC','05');
INSERT INTO "programming_espacio" ("cod_espacio","nom_espacio","tipo_espacio_id") VALUES ('K8','Salón 9 Millonarios FC','05');
INSERT INTO "programming_espacio" ("cod_espacio","nom_espacio","tipo_espacio_id") VALUES ('K9','Salón 10 Millonarios FC','05');
INSERT INTO "programming_espacio" ("cod_espacio","nom_espacio","tipo_espacio_id") VALUES ('L1','Salón 1 El Dorado','05');
INSERT INTO "programming_espacio" ("cod_espacio","nom_espacio","tipo_espacio_id") VALUES ('L2','Salón 2 El Dorado','05');
INSERT INTO "programming_espacio" ("cod_espacio","nom_espacio","tipo_espacio_id") VALUES ('L3','Salón 3 El Dorado','05');
INSERT INTO "programming_espacio" ("cod_espacio","nom_espacio","tipo_espacio_id") VALUES ('L4','Salón 4 El Dorado','05');
INSERT INTO "programming_espacio" ("cod_espacio","nom_espacio","tipo_espacio_id") VALUES ('L5','Salón 5 El Dorado','05');
INSERT INTO "programming_espacio" ("cod_espacio","nom_espacio","tipo_espacio_id") VALUES ('L6','Salón 6 El Dorado','05');
INSERT INTO "programming_espacio" ("cod_espacio","nom_espacio","tipo_espacio_id") VALUES ('L7','Salón 7 El Dorado','05');
INSERT INTO "programming_espacio" ("cod_espacio","nom_espacio","tipo_espacio_id") VALUES ('L8','Salón 8 El Dorado','05');
INSERT INTO "programming_espacio" ("cod_espacio","nom_espacio","tipo_espacio_id") VALUES ('L9','Salón 9 El Dorado','05');
INSERT INTO "programming_espacio" ("cod_espacio","nom_espacio","tipo_espacio_id") VALUES ('L0','Salón 10 El Dorado','05');
INSERT INTO "programming_espacio" ("cod_espacio","nom_espacio","tipo_espacio_id") VALUES ('J0','Salón 1 Cafam Madelena','05');
INSERT INTO "programming_espacio" ("cod_espacio","nom_espacio","tipo_espacio_id") VALUES ('J1','Salón 2 Cafam Madelena','05');
INSERT INTO "programming_espacio" ("cod_espacio","nom_espacio","tipo_espacio_id") VALUES ('J2','Salón 3 Cafam Madelena','05');
INSERT INTO "programming_espacio" ("cod_espacio","nom_espacio","tipo_espacio_id") VALUES ('J3','Salón 4 Cafam Madelena','05');
INSERT INTO "programming_espacio" ("cod_espacio","nom_espacio","tipo_espacio_id") VALUES ('J4','Salón 5 Cafam Madelena','05');
INSERT INTO "programming_espacio" ("cod_espacio","nom_espacio","tipo_espacio_id") VALUES ('J5','Salón 6 Cafam Madelena','05');
INSERT INTO "programming_espacio" ("cod_espacio","nom_espacio","tipo_espacio_id") VALUES ('J6','Salón 7 Cafam Madelena','05');
INSERT INTO "programming_espacio" ("cod_espacio","nom_espacio","tipo_espacio_id") VALUES ('J7','Salón 8 Cafam Madelena','05');
INSERT INTO "programming_espacio" ("cod_espacio","nom_espacio","tipo_espacio_id") VALUES ('J8','Salón 9 Cafam Madelena','05');
INSERT INTO "programming_espacio" ("cod_espacio","nom_espacio","tipo_espacio_id") VALUES ('J9','Salón 10 Cafam Madelena','05');

--programming_inscritopractlibre
INSERT INTO "programming_inscritopractlibre" ("consec_practica","empleado_id","estudiante_id","programacion_id") VALUES (1,'0002','20221020010',1);
INSERT INTO "programming_inscritopractlibre" ("consec_practica","empleado_id","estudiante_id","programacion_id") VALUES (2,'0003','20221020007',2);
INSERT INTO "programming_inscritopractlibre" ("consec_practica","empleado_id","estudiante_id","programacion_id") VALUES (3,'0004','20221020004',3);
INSERT INTO "programming_inscritopractlibre" ("consec_practica","empleado_id","estudiante_id","programacion_id") VALUES (4,'0005','20221020001',4);

INSERT INTO "programming_programacion" ("consec_program","cupo","no_inscritos","actividad_id","deporte_fk_id","dia_id","espacio_id","hora_inicio_id","periodo_id") VALUES (1,22,14,'CU','01','1','01','01','20191');
INSERT INTO "programming_programacion" ("consec_program","cupo","no_inscritos","actividad_id","deporte_fk_id","dia_id","espacio_id","hora_inicio_id","periodo_id") VALUES (2,10,5,'CU','02','1','S1','02','20191');
INSERT INTO "programming_programacion" ("consec_program","cupo","no_inscritos","actividad_id","deporte_fk_id","dia_id","espacio_id","hora_inicio_id","periodo_id") VALUES (3,10,4,'CU','03','1','S2','03','20191');
INSERT INTO "programming_programacion" ("consec_program","cupo","no_inscritos","actividad_id","deporte_fk_id","dia_id","espacio_id","hora_inicio_id","periodo_id") VALUES (4,40,35,'CU','06','1','S2','07','20191');
INSERT INTO "programming_programacion" ("consec_program","cupo","no_inscritos","actividad_id","deporte_fk_id","dia_id","espacio_id","hora_inicio_id","periodo_id") VALUES (5,10,5,'EN','10','7','01','01','20191');
INSERT INTO "programming_programacion" ("consec_program","cupo","no_inscritos","actividad_id","deporte_fk_id","dia_id","espacio_id","hora_inicio_id","periodo_id") VALUES (6,10,10,'EN','11','7','01','01','20191');
INSERT INTO "programming_programacion" ("consec_program","cupo","no_inscritos","actividad_id","deporte_fk_id","dia_id","espacio_id","hora_inicio_id","periodo_id") VALUES (7,12,8,'EN','11','2','01','05','20191');
INSERT INTO "programming_programacion" ("consec_program","cupo","no_inscritos","actividad_id","deporte_fk_id","dia_id","espacio_id","hora_inicio_id","periodo_id") VALUES (8,22,15,'EN','09','4','01','04','20191');
INSERT INTO "programming_programacion" ("consec_program","cupo","no_inscritos","actividad_id","deporte_fk_id","dia_id","espacio_id","hora_inicio_id","periodo_id") VALUES (9,22,20,'PR','06','3','K0','09','20201');
INSERT INTO "programming_programacion" ("consec_program","cupo","no_inscritos","actividad_id","deporte_fk_id","dia_id","espacio_id","hora_inicio_id","periodo_id") VALUES (10,22,22,'PR','07','6','L8','10','20191');
INSERT INTO "programming_programacion" ("consec_program","cupo","no_inscritos","actividad_id","deporte_fk_id","dia_id","espacio_id","hora_inicio_id","periodo_id") VALUES (11,40,35,'PR','04','5','N2','13','20212');
INSERT INTO "programming_programacion" ("consec_program","cupo","no_inscritos","actividad_id","deporte_fk_id","dia_id","espacio_id","hora_inicio_id","periodo_id") VALUES (12,23,20,'PR','04','1','N2','01','20221');

--sports_deporte_tipo_elemento
INSERT INTO "sports_deporte_tipo_elemento" ("id","deporte_id","tipoelemento_id") VALUES (1,'01','07');
INSERT INTO "sports_deporte_tipo_elemento" ("id","deporte_id","tipoelemento_id") VALUES (2,'01','11'),
INSERT INTO "sports_deporte_tipo_elemento" ("id","deporte_id","tipoelemento_id") VALUES (3,'02','05'),
INSERT INTO "sports_deporte_tipo_elemento" ("id","deporte_id","tipoelemento_id") VALUES (4,'03','04'),
INSERT INTO "sports_deporte_tipo_elemento" ("id","deporte_id","tipoelemento_id") VALUES (5,'04','06'),
INSERT INTO "sports_deporte_tipo_elemento" ("id","deporte_id","tipoelemento_id") VALUES (6,'05','03'),
INSERT INTO "sports_deporte_tipo_elemento" ("id","deporte_id","tipoelemento_id") VALUES (7,'06','02'),
INSERT INTO "sports_deporte_tipo_elemento" ("id","deporte_id","tipoelemento_id") VALUES (8,'07','02'),
INSERT INTO "sports_deporte_tipo_elemento" ("id","deporte_id","tipoelemento_id") VALUES (9,'08','13'),
INSERT INTO "sports_deporte_tipo_elemento" ("id","deporte_id","tipoelemento_id") VALUES (10,'09','06'),
INSERT INTO "sports_deporte_tipo_elemento" ("id","deporte_id","tipoelemento_id") VALUES (11,'10','10'),
INSERT INTO "sports_deporte_tipo_elemento" ("id","deporte_id","tipoelemento_id") VALUES (12,'10','08'),
INSERT INTO "sports_deporte_tipo_elemento" ("id","deporte_id","tipoelemento_id") VALUES (13,'11','10'),
INSERT INTO "sports_deporte_tipo_elemento" ("id","deporte_id","tipoelemento_id") VALUES (14,'11','12'),
INSERT INTO "sports_deporte_tipo_elemento" ("id","deporte_id","tipoelemento_id") VALUES (15,'11','08'),
INSERT INTO "sports_deporte_tipo_elemento" ("id","deporte_id","tipoelemento_id") VALUES (16,'12','06'),
INSERT INTO "sports_deporte_tipo_elemento" ("id","deporte_id","tipoelemento_id") VALUES (17,'12','07'),
INSERT INTO "sports_deporte_tipo_elemento" ("id","deporte_id","tipoelemento_id") VALUES (18,'12','11');

-- sports_deporte_espacio
INSERT INTO "sports_deporte_espacio" ("id","deporte_id","espacio_id") VALUES (1,'01','01');
INSERT INTO "sports_deporte_espacio" ("id","deporte_id","espacio_id") VALUES (2,'02','01');
INSERT INTO "sports_deporte_espacio" ("id","deporte_id","espacio_id") VALUES (3,'03','01');
INSERT INTO "sports_deporte_espacio" ("id","deporte_id","espacio_id") VALUES (4,'04','01');
INSERT INTO "sports_deporte_espacio" ("id","deporte_id","espacio_id") VALUES (5,'05','01');
INSERT INTO "sports_deporte_espacio" ("id","deporte_id","espacio_id") VALUES (6,'06','01');
INSERT INTO "sports_deporte_espacio" ("id","deporte_id","espacio_id") VALUES (7,'07','01');
INSERT INTO "sports_deporte_espacio" ("id","deporte_id","espacio_id") VALUES (8,'08','01');
INSERT INTO "sports_deporte_espacio" ("id","deporte_id","espacio_id") VALUES (9,'09','01');
INSERT INTO "sports_deporte_espacio" ("id","deporte_id","espacio_id") VALUES (10,'10','01');
INSERT INTO "sports_deporte_espacio" ("id","deporte_id","espacio_id") VALUES (11,'11','01');
INSERT INTO "sports_deporte_espacio" ("id","deporte_id","espacio_id") VALUES (12,'12','01');

-- sports_deporte
INSERT INTO "sports_deporte" ("id_deporte","nom_deporte") VALUES ('01','Atletismo');
INSERT INTO "sports_deporte" ("id_deporte","nom_deporte") VALUES ('02','Tenis');
INSERT INTO "sports_deporte" ("id_deporte","nom_deporte") VALUES ('03','Tenis Mesa');
INSERT INTO "sports_deporte" ("id_deporte","nom_deporte") VALUES ('04','Natación');
INSERT INTO "sports_deporte" ("id_deporte","nom_deporte") VALUES ('05','Voleibol');
INSERT INTO "sports_deporte" ("id_deporte","nom_deporte") VALUES ('06','Futbol');
INSERT INTO "sports_deporte" ("id_deporte","nom_deporte") VALUES ('07','Futbol sala');
INSERT INTO "sports_deporte" ("id_deporte","nom_deporte") VALUES ('08','Bádminton');
INSERT INTO "sports_deporte" ("id_deporte","nom_deporte") VALUES ('09','Aeróbicos');
INSERT INTO "sports_deporte" ("id_deporte","nom_deporte") VALUES ('10','Boxeo');
INSERT INTO "sports_deporte" ("id_deporte","nom_deporte") VALUES ('11','Artes Marciales');
INSERT INTO "sports_deporte" ("id_deporte","nom_deporte") VALUES ('12','Gimnasia Olimpica');

-- sports_elementodeportivo
INSERT INTO "sports_elementodeportivo" ("consec_elemento","fecha_registro","espacio_id","estado_id","marca_id","tipo_elemento_id") VALUES (1,'2022-08-10','S1','01','01','01'),
INSERT INTO "sports_elementodeportivo" ("consec_elemento","fecha_registro","espacio_id","estado_id","marca_id","tipo_elemento_id") VALUES (2,'2022-08-10','S2','01','02','02');
INSERT INTO "sports_elementodeportivo" ("consec_elemento","fecha_registro","espacio_id","estado_id","marca_id","tipo_elemento_id") VALUES (3,'2022-08-10','S3','01','03','03');
INSERT INTO "sports_elementodeportivo" ("consec_elemento","fecha_registro","espacio_id","estado_id","marca_id","tipo_elemento_id") VALUES (4,'2022-08-10','S1','01','04','01');
INSERT INTO "sports_elementodeportivo" ("consec_elemento","fecha_registro","espacio_id","estado_id","marca_id","tipo_elemento_id") VALUES (5,'2022-08-10','S3','01','07','10');
INSERT INTO "sports_elementodeportivo" ("consec_elemento","fecha_registro","espacio_id","estado_id","marca_id","tipo_elemento_id") VALUES (6,'2022-08-10','S1','02','12','13');
INSERT INTO "sports_elementodeportivo" ("consec_elemento","fecha_registro","espacio_id","estado_id","marca_id","tipo_elemento_id") VALUES (7,'2022-08-10','S2','02','11','12');
INSERT INTO "sports_elementodeportivo" ("consec_elemento","fecha_registro","espacio_id","estado_id","marca_id","tipo_elemento_id") VALUES (8,'2022-08-10','S1','02','10','11');
INSERT INTO "sports_elementodeportivo" ("consec_elemento","fecha_registro","espacio_id","estado_id","marca_id","tipo_elemento_id") VALUES (9,'2022-08-10','S2','02','09','10');
INSERT INTO "sports_elementodeportivo" ("consec_elemento","fecha_registro","espacio_id","estado_id","marca_id","tipo_elemento_id") VALUES (10,'2022-08-10','S1','02','07','01');

--sports_tipoelemento
INSERT INTO "sports_tipoelemento" ("id_tipo_elemento","desc_tipo_elemento") VALUES ('01','Balón Baloncesto');
INSERT INTO "sports_tipoelemento" ("id_tipo_elemento","desc_tipo_elemento") VALUES ('02','Balón Futbol');
INSERT INTO "sports_tipoelemento" ("id_tipo_elemento","desc_tipo_elemento") VALUES ('03','Balón Voleibol');
INSERT INTO "sports_tipoelemento" ("id_tipo_elemento","desc_tipo_elemento") VALUES ('04','Pelota Tenis mesa');
INSERT INTO "sports_tipoelemento" ("id_tipo_elemento","desc_tipo_elemento") VALUES ('05','Pelota Tenis campo');
INSERT INTO "sports_tipoelemento" ("id_tipo_elemento","desc_tipo_elemento") VALUES ('06','Colchoneta');
INSERT INTO "sports_tipoelemento" ("id_tipo_elemento","desc_tipo_elemento") VALUES ('07','Lazo salto');
INSERT INTO "sports_tipoelemento" ("id_tipo_elemento","desc_tipo_elemento") VALUES ('08','Guantes Box');
INSERT INTO "sports_tipoelemento" ("id_tipo_elemento","desc_tipo_elemento") VALUES ('09','Malla Volibol');
INSERT INTO "sports_tipoelemento" ("id_tipo_elemento","desc_tipo_elemento") VALUES ('10','Saco Boxeo');
INSERT INTO "sports_tipoelemento" ("id_tipo_elemento","desc_tipo_elemento") VALUES ('11','Aros hula-hula');
INSERT INTO "sports_tipoelemento" ("id_tipo_elemento","desc_tipo_elemento") VALUES ('12','Chaleco Boxeo');
INSERT INTO "sports_tipoelemento" ("id_tipo_elemento","desc_tipo_elemento") VALUES ('13','Malla Pimpón');

-- sports_marca
INSERT INTO "sports_marca" ("id_marca","nom_marca") VALUES ('01','Nike');
INSERT INTO "sports_marca" ("id_marca","nom_marca") VALUES ('02','Adidas');
INSERT INTO "sports_marca" ("id_marca","nom_marca") VALUES ('03','Puma');
INSERT INTO "sports_marca" ("id_marca","nom_marca") VALUES ('04','Reebok');
INSERT INTO "sports_marca" ("id_marca","nom_marca") VALUES ('05','Fila');
INSERT INTO "sports_marca" ("id_marca","nom_marca") VALUES ('06','Asics');
INSERT INTO "sports_marca" ("id_marca","nom_marca") VALUES ('07','Kappa');
INSERT INTO "sports_marca" ("id_marca","nom_marca") VALUES ('08','The North Face');
INSERT INTO "sports_marca" ("id_marca","nom_marca") VALUES ('09','Under Armour');
INSERT INTO "sports_marca" ("id_marca","nom_marca") VALUES ('10','Under Armour');
INSERT INTO "sports_marca" ("id_marca","nom_marca") VALUES ('11','Converse');
INSERT INTO "sports_marca" ("id_marca","nom_marca") VALUES ('12','TI Colombia');

-- sports_estado
INSERT INTO "sports_estado" ("id_estado","desc_estado") VALUES ('01','Activo');
INSERT INTO "sports_estado" ("id_estado","desc_estado") VALUES ('02','Prestado');
INSERT INTO "sports_estado" ("id_estado","desc_estado") VALUES ('03','Dañado');
INSERT INTO "sports_estado" ("id_estado","desc_estado") VALUES ('04','Perdido');
INSERT INTO "sports_estado" ("id_estado","desc_estado") VALUES ('05','De baja');

--users_asisresponsable
INSERT INTO "users_asisresponsable" ("consec_asis_responsable","fecha_asis_responsable","hora_asis_responsable","responsable_id") VALUES (1,'2022-08-10','2022-08-10',1);
INSERT INTO "users_asisresponsable" ("consec_asis_responsable","fecha_asis_responsable","hora_asis_responsable","responsable_id") VALUES  (2,'2022-08-10','2022-08-10',2);

--users_empleadocargo
INSERT INTO "users_empleadocargo" ("consec","fecha_cargo","fecha_fin_cargo","cargo_id","empleado_id","espacio_id") VALUES (1,'2022-08-10','2022-08-10','03','0001','C1');
INSERT INTO "users_empleadocargo" ("consec","fecha_cargo","fecha_fin_cargo","cargo_id","empleado_id","espacio_id") VALUES (2,'2022-08-10','2022-08-10','03','0001','C1');
INSERT INTO "users_empleadocargo" ("consec","fecha_cargo","fecha_fin_cargo","cargo_id","empleado_id","espacio_id") VALUES (3,'2022-08-10','2022-08-10','02','0002','S2');
INSERT INTO "users_empleadocargo" ("consec","fecha_cargo","fecha_fin_cargo","cargo_id","empleado_id","espacio_id") VALUES (4,'2022-08-10','2022-08-10','02','0003','S1');
INSERT INTO "users_empleadocargo" ("consec","fecha_cargo","fecha_fin_cargo","cargo_id","empleado_id","espacio_id") VALUES (5,'2022-08-10','2022-08-10','02','0004','S1');
INSERT INTO "users_empleadocargo" ("consec","fecha_cargo","fecha_fin_cargo","cargo_id","empleado_id","espacio_id") VALUES (6,'2022-08-10','2022-08-10','02','0005','S3');
INSERT INTO "users_empleadocargo" ("consec","fecha_cargo","fecha_fin_cargo","cargo_id","empleado_id","espacio_id") VALUES (7,'2022-08-10','2022-08-10','01','0006','01');
INSERT INTO "users_empleadocargo" ("consec","fecha_cargo","fecha_fin_cargo","cargo_id","empleado_id","espacio_id") VALUES (8,'2022-08-10','2022-08-10','01','0007','01');
INSERT INTO "users_empleadocargo" ("consec","fecha_cargo","fecha_fin_cargo","cargo_id","empleado_id","espacio_id") VALUES (9,'2022-08-10','2022-08-10','06','0008','S1');
INSERT INTO "users_empleadocargo" ("consec","fecha_cargo","fecha_fin_cargo","cargo_id","empleado_id","espacio_id") VALUES (10,'2022-08-10','2022-08-10','06','0009','S2');
INSERT INTO "users_empleadocargo" ("consec","fecha_cargo","fecha_fin_cargo","cargo_id","empleado_id","espacio_id") VALUES (11,'2022-08-10','2022-08-10','06','0010','S3');

--users_responsable
INSERT INTO "users_responsable" ("consec_responsable","fecha_inicio","fecha_fin","empleado_id","estudiante_id","programacion_id","rol_id") VALUES (1,'2022-08-10','2022-08-10','0002','20221020001',1,'2');
INSERT INTO "users_responsable" ("consec_responsable","fecha_inicio","fecha_fin","empleado_id","estudiante_id","programacion_id","rol_id") VALUES (2,'2022-08-10','2022-08-10','0005','20221020002',1,'2');

-- users_tipodocumento
INSERT INTO "users_tipodocumento" ("id_tipo_documento","abreviacion","desc_tipo") VALUES (1,'CC','Cédula de ciudadanía');
INSERT INTO "users_tipodocumento" ("id_tipo_documento","abreviacion","desc_tipo") VALUES (2,'CE','Cedula de extranjeria');
INSERT INTO "users_tipodocumento" ("id_tipo_documento","abreviacion","desc_tipo") VALUES (3,'NIP','Número de identificación personal');
INSERT INTO "users_tipodocumento" ("id_tipo_documento","abreviacion","desc_tipo") VALUES (4,'NIT','Número de identificación tributaria');
INSERT INTO "users_tipodocumento" ("id_tipo_documento","abreviacion","desc_tipo") VALUES (5,'TI','Tarjeta de identidad');
INSERT INTO "users_tipodocumento" ("id_tipo_documento","abreviacion","desc_tipo") VALUES (6,'PAP','Pasaporte');

--users_rol
INSERT INTO "users_rol" ("id_rol","desc_rol") VALUES ('1','Director Deport');
INSERT INTO "users_rol" ("id_rol","desc_rol") VALUES ('2','Docente');
INSERT INTO "users_rol" ("id_rol","desc_rol") VALUES ('3','Entranador');

--users_estudiante
INSERT INTO "users_estudiante" ("cod_estu","nom_estu","apell_estu","fecha_reg_estu","fecha_nac_estu","correo_ud_estu","espacio_id") VALUES ('20221020001','DANA JULIETH','PEDRAZA MARTINEZ','2022-08-10','2022-08-10','djpedrazam@correo.udistrital.edu.co','S1');
INSERT INTO "users_estudiante" ("cod_estu","nom_estu","apell_estu","fecha_reg_estu","fecha_nac_estu","correo_ud_estu","espacio_id") VALUES ('20221020002','NICOLAS GUSTAVO','FRANCO PINILLA','2022-08-10','2022-08-10','fpnicolasg@correo.udistrital.edu.co','S2');
INSERT INTO "users_estudiante" ("cod_estu","nom_estu","apell_estu","fecha_reg_estu","fecha_nac_estu","correo_ud_estu","espacio_id") VALUES ('20221020003','ANDERSON CAMILO','JIMENEZ VILLAREAL','2022-08-10','2022-08-10','acjimenezv@correo.udistrital.edu.co','S3');
INSERT INTO "users_estudiante" ("cod_estu","nom_estu","apell_estu","fecha_reg_estu","fecha_nac_estu","correo_ud_estu","espacio_id") VALUES ('20221020004','SANTIAGO ANDRES','ZAMBRANO VASQUEZ','2022-08-10','2022-08-10','sazambranov@correo.udistrital.edu.co','S1');
INSERT INTO "users_estudiante" ("cod_estu","nom_estu","apell_estu","fecha_reg_estu","fecha_nac_estu","correo_ud_estu","espacio_id") VALUES ('20221020005','JUAN DAVID','OSORIO GONZALEZ','2022-08-10','2022-08-10','jdosoriog@correo.udistrital.edu.co','S2');
INSERT INTO "users_estudiante" ("cod_estu","nom_estu","apell_estu","fecha_reg_estu","fecha_nac_estu","correo_ud_estu","espacio_id") VALUES ('20221020006','EDISSON DAVID','CRESPO JAMIOY','2022-08-10','2022-08-10','edcrespoj@correo.udistrital.edu.co','S3');
INSERT INTO "users_estudiante" ("cod_estu","nom_estu","apell_estu","fecha_reg_estu","fecha_nac_estu","correo_ud_estu","espacio_id") VALUES ('20221020007','KAROL ESTEFANIA','AGUILAR PALACIOS','2022-08-10','2022-08-10','keaguilarp@correo.udistrital.edu.co','S1');
INSERT INTO "users_estudiante" ("cod_estu","nom_estu","apell_estu","fecha_reg_estu","fecha_nac_estu","correo_ud_estu","espacio_id") VALUES ('20221020008','DANA JULIETH','FRANCO PINILLA','2022-08-10','2022-08-10','djfrancop@correo.udistrital.edu.co','S2');
INSERT INTO "users_estudiante" ("cod_estu","nom_estu","apell_estu","fecha_reg_estu","fecha_nac_estu","correo_ud_estu","espacio_id") VALUES ('20221020009','NICOLAS GUSTAVO','PEDRAZA MARTINEZ','2022-08-10','2022-08-10','ngpedrazam@correo.udistrital.edu.co','S3');
INSERT INTO "users_estudiante" ("cod_estu","nom_estu","apell_estu","fecha_reg_estu","fecha_nac_estu","correo_ud_estu","espacio_id") VALUES ('20221020010','ANDERSON CAMILO','ZAMBRANO VASQUEZ','2022-08-10','2022-08-10','aczambranov@correo.udistrital.edu.co','S1');

--users_empleado
INSERT INTO "users_empleado" ("cod_empleado","nom_empleado","apell_empleado","fecha_registro","correo_ud") VALUES ('0001','Jhony','Sanchez','2022-08-10','jhonysanche@udistrital.edu.co');
INSERT INTO "users_empleado" ("cod_empleado","nom_empleado","apell_empleado","fecha_registro","correo_ud") VALUES ('0002','Daniel','Garcia','2022-08-10','dgarcia@udistrital.edu.co');
INSERT INTO "users_empleado" ("cod_empleado","nom_empleado","apell_empleado","fecha_registro","correo_ud") VALUES ('0003','Alejandro','Cortes','2022-08-10','acortes@udistrital.edu.co');
INSERT INTO "users_empleado" ("cod_empleado","nom_empleado","apell_empleado","fecha_registro","correo_ud") VALUES ('0004','Viviana','Garcia','2022-08-10','vgarcia@udistrital.edu.co');
INSERT INTO "users_empleado" ("cod_empleado","nom_empleado","apell_empleado","fecha_registro","correo_ud") VALUES ('0005','Angie','Bustos','2022-08-10','abustos@udistrital.edu.co');
INSERT INTO "users_empleado" ("cod_empleado","nom_empleado","apell_empleado","fecha_registro","correo_ud") VALUES ('0006','Juan','Herrera','2022-08-10','jherrera@udistrital.edu.co');
INSERT INTO "users_empleado" ("cod_empleado","nom_empleado","apell_empleado","fecha_registro","correo_ud") VALUES ('0007','Juan','Ramirez','2022-08-10','jramirez@udistrital.edu.co');
INSERT INTO "users_empleado" ("cod_empleado","nom_empleado","apell_empleado","fecha_registro","correo_ud") VALUES ('0008','Alejandro','Gaviria','2022-08-10','agaviria@udistrital.edu.co');
INSERT INTO "users_empleado" ("cod_empleado","nom_empleado","apell_empleado","fecha_registro","correo_ud") VALUES ('0009','Diego','Tellez','2022-08-10','dtellez@udistrital.edu.co');
INSERT INTO "users_empleado" ("cod_empleado","nom_empleado","apell_empleado","fecha_registro","correo_ud") VALUES ('0010','Esteban','Olaya','2022-08-10','eolaya@udistrital.edu.co');

--users_cargo
INSERT INTO "users_cargo" ("id_cargo","desc_cargo") VALUES ('01','Auxiliar');
INSERT INTO "users_cargo" ("id_cargo","desc_cargo") VALUES ('02','Docente');
INSERT INTO "users_cargo" ("id_cargo","desc_cargo") VALUES ('03','Director Deportivo');
INSERT INTO "users_cargo" ("id_cargo","desc_cargo") VALUES ('04','Admin Deportivo');
INSERT INTO "users_cargo" ("id_cargo","desc_cargo") VALUES ('05','Fisioterapeuta');
INSERT INTO "users_cargo" ("id_cargo","desc_cargo") VALUES ('06','Entrenador');

--programming_tipoespacio
INSERT INTO "programming_tipoespacio" ("id_tipo_espacio","desc_tipo_espacio") VALUES ('01','Unidad');
INSERT INTO "programming_tipoespacio" ("id_tipo_espacio","desc_tipo_espacio") VALUES ('02','Sede');
INSERT INTO "programming_tipoespacio" ("id_tipo_espacio","desc_tipo_espacio") VALUES ('03','Campo');
INSERT INTO "programming_tipoespacio" ("id_tipo_espacio","desc_tipo_espacio") VALUES ('04','Pista');
INSERT INTO "programming_tipoespacio" ("id_tipo_espacio","desc_tipo_espacio") VALUES ('05','Salón');
INSERT INTO "programming_tipoespacio" ("id_tipo_espacio","desc_tipo_espacio") VALUES ('06','Piscina');
INSERT INTO "programming_tipoespacio" ("id_tipo_espacio","desc_tipo_espacio") VALUES ('07','Sala de máquinas');
INSERT INTO "programming_tipoespacio" ("id_tipo_espacio","desc_tipo_espacio") VALUES ('08','Muro de escalar');

--programming_periodo
INSERT INTO "programming_periodo" ("id_periodo") VALUES ('20191');
INSERT INTO "programming_periodo" ("id_periodo") VALUES ('20192');
INSERT INTO "programming_periodo" ("id_periodo") VALUES ('20193');
INSERT INTO "programming_periodo" ("id_periodo") VALUES ('20201');
INSERT INTO "programming_periodo" ("id_periodo") VALUES ('20202');
INSERT INTO "programming_periodo" ("id_periodo") VALUES ('20203');
INSERT INTO "programming_periodo" ("id_periodo") VALUES ('20211');
INSERT INTO "programming_periodo" ("id_periodo") VALUES ('20212');
INSERT INTO "programming_periodo" ("id_periodo") VALUES ('20213');
INSERT INTO "programming_periodo" ("id_periodo") VALUES ('20221');

-- programming_hora
INSERT INTO "programming_hora" ("id_hora","hora") VALUES ('01','06:00:00');
INSERT INTO "programming_hora" ("id_hora","hora") VALUES ('02','07:00:00');
INSERT INTO "programming_hora" ("id_hora","hora") VALUES ('03','08:00:00');
INSERT INTO "programming_hora" ("id_hora","hora") VALUES ('04','09:00:00');
INSERT INTO "programming_hora" ("id_hora","hora") VALUES ('05','10:00:00');
INSERT INTO "programming_hora" ("id_hora","hora") VALUES ('06','11:00:00');
INSERT INTO "programming_hora" ("id_hora","hora") VALUES ('07','12:00:00');
INSERT INTO "programming_hora" ("id_hora","hora") VALUES ('08','13:00:00');
INSERT INTO "programming_hora" ("id_hora","hora") VALUES ('09','14:00:00');
INSERT INTO "programming_hora" ("id_hora","hora") VALUES ('10','15:00:00');
INSERT INTO "programming_hora" ("id_hora","hora") VALUES ('11','16:00:00');
INSERT INTO "programming_hora" ("id_hora","hora") VALUES ('12','17:00:00');
INSERT INTO "programming_hora" ("id_hora","hora") VALUES ('13','18:00:00');
INSERT INTO "programming_hora" ("id_hora","hora") VALUES ('14','19:00:00');
INSERT INTO "programming_hora" ("id_hora","hora") VALUES ('15','20:00:00');
INSERT INTO "programming_hora" ("id_hora","hora") VALUES ('16','21:00:00');
INSERT INTO "programming_hora" ("id_hora","hora") VALUES ('17','22:00:00');

--programming_dia
INSERT INTO "programming_dia" ("id_dia","nom_dia") VALUES ('1','Domingo');
INSERT INTO "programming_dia" ("id_dia","nom_dia") VALUES ('2','Lunes');
INSERT INTO "programming_dia" ("id_dia","nom_dia") VALUES ('3','Martes');
INSERT INTO "programming_dia" ("id_dia","nom_dia") VALUES ('4','Miércoles');
INSERT INTO "programming_dia" ("id_dia","nom_dia") VALUES ('5','Jueves');
INSERT INTO "programming_dia" ("id_dia","nom_dia") VALUES ('6','Viernes');
INSERT INTO "programming_dia" ("id_dia","nom_dia") VALUES ('7','Sábado');

--programming_actividad
INSERT INTO "programming_actividad" ("id_actividad","desc_actividad") VALUES ('CU','Curso');
INSERT INTO "programming_actividad" ("id_actividad","desc_actividad") VALUES ('EN','Entrenamiento');
INSERT INTO "programming_actividad" ("id_actividad","desc_actividad") VALUES ('PR','Práctica');

--auth_user
INSERT INTO "auth_user" ("id","password","last_login","is_superuser","username","last_name","email","is_staff","is_active","date_joined","first_name") VALUES (1,'pbkdf2_sha256$320000$lTPbNIyepHYGkTRH59uJQK$sxRpil5g1nQ8qOiEBnG4yQx8Fd85LdilkbDXcuNf2hA=','2022-08-10 05:45:19.999445',1,'admin','','',1,1,'2022-08-10 02:43:55.057857','');

--auth_permission
INSERT INTO "auth_permission" ("id","content_type_id","codename","name") VALUES (1,1,'add_logentry','Can add log entry');
INSERT INTO "auth_permission" ("id","content_type_id","codename","name") VALUES (2,1,'change_logentry','Can change log entry');
INSERT INTO "auth_permission" ("id","content_type_id","codename","name") VALUES (3,1,'delete_logentry','Can delete log entry');
INSERT INTO "auth_permission" ("id","content_type_id","codename","name") VALUES (4,1,'view_logentry','Can view log entry');
INSERT INTO "auth_permission" ("id","content_type_id","codename","name") VALUES (5,2,'add_permission','Can add permission');
INSERT INTO "auth_permission" ("id","content_type_id","codename","name") VALUES (6,2,'change_permission','Can change permission');
INSERT INTO "auth_permission" ("id","content_type_id","codename","name") VALUES (7,2,'delete_permission','Can delete permission');
INSERT INTO "auth_permission" ("id","content_type_id","codename","name") VALUES (8,2,'view_permission','Can view permission');
INSERT INTO "auth_permission" ("id","content_type_id","codename","name") VALUES (9,3,'add_group','Can add group');
INSERT INTO "auth_permission" ("id","content_type_id","codename","name") VALUES (10,3,'change_group','Can change group');
INSERT INTO "auth_permission" ("id","content_type_id","codename","name") VALUES (11,3,'delete_group','Can delete group');
INSERT INTO "auth_permission" ("id","content_type_id","codename","name") VALUES (12,3,'view_group','Can view group');
INSERT INTO "auth_permission" ("id","content_type_id","codename","name") VALUES (13,4,'add_user','Can add user');
INSERT INTO "auth_permission" ("id","content_type_id","codename","name") VALUES (14,4,'change_user','Can change user');
INSERT INTO "auth_permission" ("id","content_type_id","codename","name") VALUES (15,4,'delete_user','Can delete user');
INSERT INTO "auth_permission" ("id","content_type_id","codename","name") VALUES (16,4,'view_user','Can view user');
INSERT INTO "auth_permission" ("id","content_type_id","codename","name") VALUES (17,5,'add_contenttype','Can add content type');
INSERT INTO "auth_permission" ("id","content_type_id","codename","name") VALUES (18,5,'change_contenttype','Can change content type');
INSERT INTO "auth_permission" ("id","content_type_id","codename","name") VALUES (19,5,'delete_contenttype','Can delete content type');
INSERT INTO "auth_permission" ("id","content_type_id","codename","name") VALUES (20,5,'view_contenttype','Can view content type');
INSERT INTO "auth_permission" ("id","content_type_id","codename","name") VALUES (21,6,'add_session','Can add session');
INSERT INTO "auth_permission" ("id","content_type_id","codename","name") VALUES (22,6,'change_session','Can change session');
INSERT INTO "auth_permission" ("id","content_type_id","codename","name") VALUES (23,6,'delete_session','Can delete session');
INSERT INTO "auth_permission" ("id","content_type_id","codename","name") VALUES (24,6,'view_session','Can view session');
INSERT INTO "auth_permission" ("id","content_type_id","codename","name") VALUES (25,7,'add_cargo','Can add cargo');
INSERT INTO "auth_permission" ("id","content_type_id","codename","name") VALUES (26,7,'change_cargo','Can change cargo');
INSERT INTO "auth_permission" ("id","content_type_id","codename","name") VALUES (27,7,'delete_cargo','Can delete cargo');
INSERT INTO "auth_permission" ("id","content_type_id","codename","name") VALUES (28,7,'view_cargo','Can view cargo');
INSERT INTO "auth_permission" ("id","content_type_id","codename","name") VALUES (29,8,'add_empleado','Can add empleado');
INSERT INTO "auth_permission" ("id","content_type_id","codename","name") VALUES (30,8,'change_empleado','Can change empleado');
INSERT INTO "auth_permission" ("id","content_type_id","codename","name") VALUES (31,8,'delete_empleado','Can delete empleado');
INSERT INTO "auth_permission" ("id","content_type_id","codename","name") VALUES (32,8,'view_empleado','Can view empleado');
INSERT INTO "auth_permission" ("id","content_type_id","codename","name") VALUES (33,9,'add_estudiante','Can add estudiante');
INSERT INTO "auth_permission" ("id","content_type_id","codename","name") VALUES (34,9,'change_estudiante','Can change estudiante');
INSERT INTO "auth_permission" ("id","content_type_id","codename","name") VALUES (35,9,'delete_estudiante','Can delete estudiante');
INSERT INTO "auth_permission" ("id","content_type_id","codename","name") VALUES (36,9,'view_estudiante','Can view estudiante');
INSERT INTO "auth_permission" ("id","content_type_id","codename","name") VALUES (37,10,'add_rol','Can add rol');
INSERT INTO "auth_permission" ("id","content_type_id","codename","name") VALUES (38,10,'change_rol','Can change rol');
INSERT INTO "auth_permission" ("id","content_type_id","codename","name") VALUES (39,10,'delete_rol','Can delete rol');
INSERT INTO "auth_permission" ("id","content_type_id","codename","name") VALUES (40,10,'view_rol','Can view rol');
INSERT INTO "auth_permission" ("id","content_type_id","codename","name") VALUES (41,11,'add_tipodocumento','Can add tipo documento');
INSERT INTO "auth_permission" ("id","content_type_id","codename","name") VALUES (42,11,'change_tipodocumento','Can change tipo documento');
INSERT INTO "auth_permission" ("id","content_type_id","codename","name") VALUES (43,11,'delete_tipodocumento','Can delete tipo documento');
INSERT INTO "auth_permission" ("id","content_type_id","codename","name") VALUES (44,11,'view_tipodocumento','Can view tipo documento');
INSERT INTO "auth_permission" ("id","content_type_id","codename","name") VALUES (45,12,'add_responsable','Can add responsable');
INSERT INTO "auth_permission" ("id","content_type_id","codename","name") VALUES (46,12,'change_responsable','Can change responsable');
INSERT INTO "auth_permission" ("id","content_type_id","codename","name") VALUES (47,12,'delete_responsable','Can delete responsable');
INSERT INTO "auth_permission" ("id","content_type_id","codename","name") VALUES (48,12,'view_responsable','Can view responsable');
INSERT INTO "auth_permission" ("id","content_type_id","codename","name") VALUES (49,13,'add_persona','Can add persona');
INSERT INTO "auth_permission" ("id","content_type_id","codename","name") VALUES (50,13,'change_persona','Can change persona');
INSERT INTO "auth_permission" ("id","content_type_id","codename","name") VALUES (51,13,'delete_persona','Can delete persona');
INSERT INTO "auth_permission" ("id","content_type_id","codename","name") VALUES (52,13,'view_persona','Can view persona');
INSERT INTO "auth_permission" ("id","content_type_id","codename","name") VALUES (53,14,'add_estudianteuser','Can add estudiante user');
INSERT INTO "auth_permission" ("id","content_type_id","codename","name") VALUES (54,14,'change_estudianteuser','Can change estudiante user');
INSERT INTO "auth_permission" ("id","content_type_id","codename","name") VALUES (55,14,'delete_estudianteuser','Can delete estudiante user');
INSERT INTO "auth_permission" ("id","content_type_id","codename","name") VALUES (56,14,'view_estudianteuser','Can view estudiante user');
INSERT INTO "auth_permission" ("id","content_type_id","codename","name") VALUES (57,15,'add_empleadocargo','Can add empleado cargo');
INSERT INTO "auth_permission" ("id","content_type_id","codename","name") VALUES (58,15,'change_empleadocargo','Can change empleado cargo');
INSERT INTO "auth_permission" ("id","content_type_id","codename","name") VALUES (59,15,'delete_empleadocargo','Can delete empleado cargo');
INSERT INTO "auth_permission" ("id","content_type_id","codename","name") VALUES (60,15,'view_empleadocargo','Can view empleado cargo');
INSERT INTO "auth_permission" ("id","content_type_id","codename","name") VALUES (61,16,'add_asisresponsable','Can add asis responsable');
INSERT INTO "auth_permission" ("id","content_type_id","codename","name") VALUES (62,16,'change_asisresponsable','Can change asis responsable');
INSERT INTO "auth_permission" ("id","content_type_id","codename","name") VALUES (63,16,'delete_asisresponsable','Can delete asis responsable');
INSERT INTO "auth_permission" ("id","content_type_id","codename","name") VALUES (64,16,'view_asisresponsable','Can view asis responsable');
INSERT INTO "auth_permission" ("id","content_type_id","codename","name") VALUES (65,17,'add_actividad','Can add actividad');
INSERT INTO "auth_permission" ("id","content_type_id","codename","name") VALUES (66,17,'change_actividad','Can change actividad');
INSERT INTO "auth_permission" ("id","content_type_id","codename","name") VALUES (67,17,'delete_actividad','Can delete actividad');
INSERT INTO "auth_permission" ("id","content_type_id","codename","name") VALUES (68,17,'view_actividad','Can view actividad');
INSERT INTO "auth_permission" ("id","content_type_id","codename","name") VALUES (69,18,'add_dia','Can add dia');
INSERT INTO "auth_permission" ("id","content_type_id","codename","name") VALUES (70,18,'change_dia','Can change dia');
INSERT INTO "auth_permission" ("id","content_type_id","codename","name") VALUES (71,18,'delete_dia','Can delete dia');
INSERT INTO "auth_permission" ("id","content_type_id","codename","name") VALUES (72,18,'view_dia','Can view dia');
INSERT INTO "auth_permission" ("id","content_type_id","codename","name") VALUES (73,19,'add_espacio','Can add espacio');
INSERT INTO "auth_permission" ("id","content_type_id","codename","name") VALUES (74,19,'change_espacio','Can change espacio');
INSERT INTO "auth_permission" ("id","content_type_id","codename","name") VALUES (75,19,'delete_espacio','Can delete espacio');
INSERT INTO "auth_permission" ("id","content_type_id","codename","name") VALUES (76,19,'view_espacio','Can view espacio');
INSERT INTO "auth_permission" ("id","content_type_id","codename","name") VALUES (77,20,'add_hora','Can add hora');
INSERT INTO "auth_permission" ("id","content_type_id","codename","name") VALUES (78,20,'change_hora','Can change hora');
INSERT INTO "auth_permission" ("id","content_type_id","codename","name") VALUES (79,20,'delete_hora','Can delete hora');
INSERT INTO "auth_permission" ("id","content_type_id","codename","name") VALUES (80,20,'view_hora','Can view hora');
INSERT INTO "auth_permission" ("id","content_type_id","codename","name") VALUES (81,21,'add_inscritopractlibre','Can add inscrito pract libre');
INSERT INTO "auth_permission" ("id","content_type_id","codename","name") VALUES (82,21,'change_inscritopractlibre','Can change inscrito pract libre');
INSERT INTO "auth_permission" ("id","content_type_id","codename","name") VALUES (83,21,'delete_inscritopractlibre','Can delete inscrito pract libre');
INSERT INTO "auth_permission" ("id","content_type_id","codename","name") VALUES (84,21,'view_inscritopractlibre','Can view inscrito pract libre');
INSERT INTO "auth_permission" ("id","content_type_id","codename","name") VALUES (85,22,'add_periodo','Can add periodo');
INSERT INTO "auth_permission" ("id","content_type_id","codename","name") VALUES (86,22,'change_periodo','Can change periodo');
INSERT INTO "auth_permission" ("id","content_type_id","codename","name") VALUES (87,22,'delete_periodo','Can delete periodo');
INSERT INTO "auth_permission" ("id","content_type_id","codename","name") VALUES (88,22,'view_periodo','Can view periodo');
INSERT INTO "auth_permission" ("id","content_type_id","codename","name") VALUES (89,23,'add_prestamo','Can add prestamo');
INSERT INTO "auth_permission" ("id","content_type_id","codename","name") VALUES (90,23,'change_prestamo','Can change prestamo');
INSERT INTO "auth_permission" ("id","content_type_id","codename","name") VALUES (91,23,'delete_prestamo','Can delete prestamo');
INSERT INTO "auth_permission" ("id","content_type_id","codename","name") VALUES (92,23,'view_prestamo','Can view prestamo');
INSERT INTO "auth_permission" ("id","content_type_id","codename","name") VALUES (93,24,'add_tipoespacio','Can add tipo espacio');
INSERT INTO "auth_permission" ("id","content_type_id","codename","name") VALUES (94,24,'change_tipoespacio','Can change tipo espacio');
INSERT INTO "auth_permission" ("id","content_type_id","codename","name") VALUES (95,24,'delete_tipoespacio','Can delete tipo espacio');
INSERT INTO "auth_permission" ("id","content_type_id","codename","name") VALUES (96,24,'view_tipoespacio','Can view tipo espacio');
INSERT INTO "auth_permission" ("id","content_type_id","codename","name") VALUES (97,25,'add_programacion','Can add programacion');
INSERT INTO "auth_permission" ("id","content_type_id","codename","name") VALUES (98,25,'change_programacion','Can change programacion');
INSERT INTO "auth_permission" ("id","content_type_id","codename","name") VALUES (99,25,'delete_programacion','Can delete programacion');
INSERT INTO "auth_permission" ("id","content_type_id","codename","name") VALUES (100,25,'view_programacion','Can view programacion');
INSERT INTO "auth_permission" ("id","content_type_id","codename","name") VALUES (101,26,'add_equipo','Can add equipo');
INSERT INTO "auth_permission" ("id","content_type_id","codename","name") VALUES (102,26,'change_equipo','Can change equipo');
INSERT INTO "auth_permission" ("id","content_type_id","codename","name") VALUES (103,26,'delete_equipo','Can delete equipo');
INSERT INTO "auth_permission" ("id","content_type_id","codename","name") VALUES (104,26,'view_equipo','Can view equipo');
INSERT INTO "auth_permission" ("id","content_type_id","codename","name") VALUES (105,27,'add_miembroequipo','Can add miembro equipo');
INSERT INTO "auth_permission" ("id","content_type_id","codename","name") VALUES (106,27,'change_miembroequipo','Can change miembro equipo');
INSERT INTO "auth_permission" ("id","content_type_id","codename","name") VALUES (107,27,'delete_miembroequipo','Can delete miembro equipo');
INSERT INTO "auth_permission" ("id","content_type_id","codename","name") VALUES (108,27,'view_miembroequipo','Can view miembro equipo');
INSERT INTO "auth_permission" ("id","content_type_id","codename","name") VALUES (109,28,'add_asismiembroequipo','Can add asis miembro equipo');
INSERT INTO "auth_permission" ("id","content_type_id","codename","name") VALUES (110,28,'change_asismiembroequipo','Can change asis miembro equipo');
INSERT INTO "auth_permission" ("id","content_type_id","codename","name") VALUES (111,28,'delete_asismiembroequipo','Can delete asis miembro equipo');
INSERT INTO "auth_permission" ("id","content_type_id","codename","name") VALUES (112,28,'view_asismiembroequipo','Can view asis miembro equipo');
INSERT INTO "auth_permission" ("id","content_type_id","codename","name") VALUES (113,29,'add_estado','Can add estado');
INSERT INTO "auth_permission" ("id","content_type_id","codename","name") VALUES (114,29,'change_estado','Can change estado');
INSERT INTO "auth_permission" ("id","content_type_id","codename","name") VALUES (115,29,'delete_estado','Can delete estado');
INSERT INTO "auth_permission" ("id","content_type_id","codename","name") VALUES (116,29,'view_estado','Can view estado');
INSERT INTO "auth_permission" ("id","content_type_id","codename","name") VALUES (117,30,'add_marca','Can add marca');
INSERT INTO "auth_permission" ("id","content_type_id","codename","name") VALUES (118,30,'change_marca','Can change marca');
INSERT INTO "auth_permission" ("id","content_type_id","codename","name") VALUES (119,30,'delete_marca','Can delete marca');
INSERT INTO "auth_permission" ("id","content_type_id","codename","name") VALUES (120,30,'view_marca','Can view marca');
INSERT INTO "auth_permission" ("id","content_type_id","codename","name") VALUES (121,31,'add_tipoelemento','Can add tipo elemento');
INSERT INTO "auth_permission" ("id","content_type_id","codename","name") VALUES (122,31,'change_tipoelemento','Can change tipo elemento');
INSERT INTO "auth_permission" ("id","content_type_id","codename","name") VALUES (123,31,'delete_tipoelemento','Can delete tipo elemento');
INSERT INTO "auth_permission" ("id","content_type_id","codename","name") VALUES (124,31,'view_tipoelemento','Can view tipo elemento');
INSERT INTO "auth_permission" ("id","content_type_id","codename","name") VALUES (125,32,'add_elementodeportivo','Can add elemento deportivo');
INSERT INTO "auth_permission" ("id","content_type_id","codename","name") VALUES (126,32,'change_elementodeportivo','Can change elemento deportivo');
INSERT INTO "auth_permission" ("id","content_type_id","codename","name") VALUES (127,32,'delete_elementodeportivo','Can delete elemento deportivo');
INSERT INTO "auth_permission" ("id","content_type_id","codename","name") VALUES (128,32,'view_elementodeportivo','Can view elemento deportivo');
INSERT INTO "auth_permission" ("id","content_type_id","codename","name") VALUES (129,33,'add_deporte','Can add deporte');
INSERT INTO "auth_permission" ("id","content_type_id","codename","name") VALUES (130,33,'change_deporte','Can change deporte');
INSERT INTO "auth_permission" ("id","content_type_id","codename","name") VALUES (131,33,'delete_deporte','Can delete deporte');
INSERT INTO "auth_permission" ("id","content_type_id","codename","name") VALUES (132,33,'view_deporte','Can view deporte');

--django_content_type
INSERT INTO "django_content_type" ("id","app_label","model") VALUES (1,'admin','logentry');
INSERT INTO "django_content_type" ("id","app_label","model") VALUES (2,'auth','permission');
INSERT INTO "django_content_type" ("id","app_label","model") VALUES (3,'auth','group');
INSERT INTO "django_content_type" ("id","app_label","model") VALUES (4,'auth','user');
INSERT INTO "django_content_type" ("id","app_label","model") VALUES (5,'contenttypes','contenttype');
INSERT INTO "django_content_type" ("id","app_label","model") VALUES (6,'sessions','session');
INSERT INTO "django_content_type" ("id","app_label","model") VALUES (7,'users','cargo');
INSERT INTO "django_content_type" ("id","app_label","model") VALUES (8,'users','empleado');
INSERT INTO "django_content_type" ("id","app_label","model") VALUES (9,'users','estudiante');
INSERT INTO "django_content_type" ("id","app_label","model") VALUES (10,'users','rol');
INSERT INTO "django_content_type" ("id","app_label","model") VALUES (11,'users','tipodocumento');
INSERT INTO "django_content_type" ("id","app_label","model") VALUES (12,'users','responsable');
INSERT INTO "django_content_type" ("id","app_label","model") VALUES (13,'users','persona');
INSERT INTO "django_content_type" ("id","app_label","model") VALUES (14,'users','estudianteuser');
INSERT INTO "django_content_type" ("id","app_label","model") VALUES (15,'users','empleadocargo');
INSERT INTO "django_content_type" ("id","app_label","model") VALUES (16,'users','asisresponsable');
INSERT INTO "django_content_type" ("id","app_label","model") VALUES (17,'programming','actividad');
INSERT INTO "django_content_type" ("id","app_label","model") VALUES (18,'programming','dia');
INSERT INTO "django_content_type" ("id","app_label","model") VALUES (19,'programming','espacio');
INSERT INTO "django_content_type" ("id","app_label","model") VALUES (20,'programming','hora');
INSERT INTO "django_content_type" ("id","app_label","model") VALUES (21,'programming','inscritopractlibre');
INSERT INTO "django_content_type" ("id","app_label","model") VALUES (22,'programming','periodo');
INSERT INTO "django_content_type" ("id","app_label","model") VALUES (23,'programming','prestamo');
INSERT INTO "django_content_type" ("id","app_label","model") VALUES (24,'programming','tipoespacio');
INSERT INTO "django_content_type" ("id","app_label","model") VALUES (25,'programming','programacion');
INSERT INTO "django_content_type" ("id","app_label","model") VALUES (26,'teams','equipo');
INSERT INTO "django_content_type" ("id","app_label","model") VALUES (27,'teams','miembroequipo');
INSERT INTO "django_content_type" ("id","app_label","model") VALUES (28,'teams','asismiembroequipo');
INSERT INTO "django_content_type" ("id","app_label","model") VALUES (29,'sports','estado');
INSERT INTO "django_content_type" ("id","app_label","model") VALUES (30,'sports','marca');
INSERT INTO "django_content_type" ("id","app_label","model") VALUES (31,'sports','tipoelemento');
INSERT INTO "django_content_type" ("id","app_label","model") VALUES (32,'sports','elementodeportivo');
INSERT INTO "django_content_type" ("id","app_label","model") VALUES (33,'sports','deporte');

--django_admin_log
INSERT INTO "django_admin_log" ("id","action_time","object_id","object_repr","change_message","content_type_id","user_id","action_flag") VALUES (1,'2022-08-10 02:44:43.113180','01','01','[{"added": {}}]',20,1,1);
INSERT INTO "django_admin_log" ("id","action_time","object_id","object_repr","change_message","content_type_id","user_id","action_flag") VALUES (2,'2022-08-10 02:50:40.471614','02','02','[{"added": {}}]',20,1,1);
INSERT INTO "django_admin_log" ("id","action_time","object_id","object_repr","change_message","content_type_id","user_id","action_flag") VALUES (3,'2022-08-10 02:50:48.602978','03','03','[{"added": {}}]',20,1,1);
INSERT INTO "django_admin_log" ("id","action_time","object_id","object_repr","change_message","content_type_id","user_id","action_flag") VALUES (4,'2022-08-10 02:50:56.283447','04','04','[{"added": {}}]',20,1,1);
INSERT INTO "django_admin_log" ("id","action_time","object_id","object_repr","change_message","content_type_id","user_id","action_flag") VALUES (5,'2022-08-10 02:51:03.182300','05','05','[{"added": {}}]',20,1,1);
INSERT INTO "django_admin_log" ("id","action_time","object_id","object_repr","change_message","content_type_id","user_id","action_flag") VALUES (6,'2022-08-10 02:51:09.495465','06','06','[{"added": {}}]',20,1,1);
INSERT INTO "django_admin_log" ("id","action_time","object_id","object_repr","change_message","content_type_id","user_id","action_flag") VALUES (7,'2022-08-10 02:51:20.317641','07','07','[{"added": {}}]',20,1,1);
INSERT INTO "django_admin_log" ("id","action_time","object_id","object_repr","change_message","content_type_id","user_id","action_flag") VALUES (8,'2022-08-10 02:51:29.049093','08','08','[{"added": {}}]',20,1,1);
INSERT INTO "django_admin_log" ("id","action_time","object_id","object_repr","change_message","content_type_id","user_id","action_flag") VALUES (9,'2022-08-10 02:51:36.961321','09','09','[{"added": {}}]',20,1,1);
INSERT INTO "django_admin_log" ("id","action_time","object_id","object_repr","change_message","content_type_id","user_id","action_flag") VALUES (10,'2022-08-10 02:51:44.641841','10','10','[{"added": {}}]',20,1,1);
INSERT INTO "django_admin_log" ("id","action_time","object_id","object_repr","change_message","content_type_id","user_id","action_flag") VALUES (11,'2022-08-10 02:51:53.082627','11','11','[{"added": {}}]',20,1,1);
INSERT INTO "django_admin_log" ("id","action_time","object_id","object_repr","change_message","content_type_id","user_id","action_flag") VALUES (12,'2022-08-10 02:51:59.012619','12','12','[{"added": {}}]',20,1,1);
INSERT INTO "django_admin_log" ("id","action_time","object_id","object_repr","change_message","content_type_id","user_id","action_flag") VALUES (13,'2022-08-10 02:52:19.537730','13','13','[{"added": {}}]',20,1,1);
INSERT INTO "django_admin_log" ("id","action_time","object_id","object_repr","change_message","content_type_id","user_id","action_flag") VALUES (14,'2022-08-10 02:52:26.875392','14','14','[{"added": {}}]',20,1,1);
INSERT INTO "django_admin_log" ("id","action_time","object_id","object_repr","change_message","content_type_id","user_id","action_flag") VALUES (15,'2022-08-10 02:52:44.270388','15','15','[{"added": {}}]',20,1,1);
INSERT INTO "django_admin_log" ("id","action_time","object_id","object_repr","change_message","content_type_id","user_id","action_flag") VALUES (16,'2022-08-10 02:52:51.495708','16','16','[{"added": {}}]',20,1,1);
INSERT INTO "django_admin_log" ("id","action_time","object_id","object_repr","change_message","content_type_id","user_id","action_flag") VALUES (17,'2022-08-10 02:52:57.679967','17','17','[{"added": {}}]',20,1,1);
INSERT INTO "django_admin_log" ("id","action_time","object_id","object_repr","change_message","content_type_id","user_id","action_flag") VALUES (18,'2022-08-10 02:53:37.306979','01','Nike','[{"added": {}}]',30,1,1);
INSERT INTO "django_admin_log" ("id","action_time","object_id","object_repr","change_message","content_type_id","user_id","action_flag") VALUES (19,'2022-08-10 02:53:43.989093','02','Adidas','[{"added": {}}]',30,1,1);
INSERT INTO "django_admin_log" ("id","action_time","object_id","object_repr","change_message","content_type_id","user_id","action_flag") VALUES (20,'2022-08-10 02:53:50.816487','03','Puma','[{"added": {}}]',30,1,1);
INSERT INTO "django_admin_log" ("id","action_time","object_id","object_repr","change_message","content_type_id","user_id","action_flag") VALUES (21,'2022-08-10 02:53:56.475563','04','Reebok','[{"added": {}}]',30,1,1);
INSERT INTO "django_admin_log" ("id","action_time","object_id","object_repr","change_message","content_type_id","user_id","action_flag") VALUES (22,'2022-08-10 02:54:02.772216','05','Fila','[{"added": {}}]',30,1,1);
INSERT INTO "django_admin_log" ("id","action_time","object_id","object_repr","change_message","content_type_id","user_id","action_flag") VALUES (23,'2022-08-10 02:54:08.913290','06','Asics','[{"added": {}}]',30,1,1);
INSERT INTO "django_admin_log" ("id","action_time","object_id","object_repr","change_message","content_type_id","user_id","action_flag") VALUES (24,'2022-08-10 02:54:14.858304','07','Kappa','[{"added": {}}]',30,1,1);
INSERT INTO "django_admin_log" ("id","action_time","object_id","object_repr","change_message","content_type_id","user_id","action_flag") VALUES (25,'2022-08-10 02:54:21.125995','08','The North Face','[{"added": {}}]',30,1,1);
INSERT INTO "django_admin_log" ("id","action_time","object_id","object_repr","change_message","content_type_id","user_id","action_flag") VALUES (26,'2022-08-10 02:54:27.293661','09','Under Armour','[{"added": {}}]',30,1,1);
INSERT INTO "django_admin_log" ("id","action_time","object_id","object_repr","change_message","content_type_id","user_id","action_flag") VALUES (27,'2022-08-10 02:54:35.260202','10','Under Armour','[{"added": {}}]',30,1,1);
INSERT INTO "django_admin_log" ("id","action_time","object_id","object_repr","change_message","content_type_id","user_id","action_flag") VALUES (28,'2022-08-10 02:54:46.910455','11','Converse','[{"added": {}}]',30,1,1);
INSERT INTO "django_admin_log" ("id","action_time","object_id","object_repr","change_message","content_type_id","user_id","action_flag") VALUES (29,'2022-08-10 02:54:54.763464','12','TI Colombia','[{"added": {}}]',30,1,1);
INSERT INTO "django_admin_log" ("id","action_time","object_id","object_repr","change_message","content_type_id","user_id","action_flag") VALUES (30,'2022-08-10 02:56:37.677098','1','Director Deport','[{"added": {}}]',10,1,1);
INSERT INTO "django_admin_log" ("id","action_time","object_id","object_repr","change_message","content_type_id","user_id","action_flag") VALUES (31,'2022-08-10 02:56:43.273948','2','Docente','[{"added": {}}]',10,1,1);
INSERT INTO "django_admin_log" ("id","action_time","object_id","object_repr","change_message","content_type_id","user_id","action_flag") VALUES (32,'2022-08-10 02:56:48.854871','3','Entranador','[{"added": {}}]',10,1,1);
INSERT INTO "django_admin_log" ("id","action_time","object_id","object_repr","change_message","content_type_id","user_id","action_flag") VALUES (33,'2022-08-10 02:57:02.217459','01','Auxiliar','[{"added": {}}]',7,1,1);
INSERT INTO "django_admin_log" ("id","action_time","object_id","object_repr","change_message","content_type_id","user_id","action_flag") VALUES (34,'2022-08-10 02:57:07.867313','02','Docente','[{"added": {}}]',7,1,1);
INSERT INTO "django_admin_log" ("id","action_time","object_id","object_repr","change_message","content_type_id","user_id","action_flag") VALUES (35,'2022-08-10 02:57:17.201927','03','Director Deportivo','[{"added": {}}]',7,1,1);
INSERT INTO "django_admin_log" ("id","action_time","object_id","object_repr","change_message","content_type_id","user_id","action_flag") VALUES (36,'2022-08-10 02:57:30.837291','04','Admin Deportivo','[{"added": {}}]',7,1,1);
INSERT INTO "django_admin_log" ("id","action_time","object_id","object_repr","change_message","content_type_id","user_id","action_flag") VALUES (37,'2022-08-10 02:57:37.234618','05','Fisioterapeuta','[{"added": {}}]',7,1,1);
INSERT INTO "django_admin_log" ("id","action_time","object_id","object_repr","change_message","content_type_id","user_id","action_flag") VALUES (38,'2022-08-10 02:57:43.289284','06','Entrenador','[{"added": {}}]',7,1,1);
INSERT INTO "django_admin_log" ("id","action_time","object_id","object_repr","change_message","content_type_id","user_id","action_flag") VALUES (39,'2022-08-10 03:00:01.077756','01','Espacio 1','[{"added": {}}]',19,1,1);
INSERT INTO "django_admin_log" ("id","action_time","object_id","object_repr","change_message","content_type_id","user_id","action_flag") VALUES (40,'2022-08-10 03:00:06.970146','01','Atletismo','[{"added": {}}]',33,1,1);
INSERT INTO "django_admin_log" ("id","action_time","object_id","object_repr","change_message","content_type_id","user_id","action_flag") VALUES (41,'2022-08-10 03:01:02.665863','02','Tenis','[{"added": {}}]',33,1,1);
INSERT INTO "django_admin_log" ("id","action_time","object_id","object_repr","change_message","content_type_id","user_id","action_flag") VALUES (42,'2022-08-10 03:01:14.672154','03','Tenis Mesa','[{"added": {}}]',33,1,1);
INSERT INTO "django_admin_log" ("id","action_time","object_id","object_repr","change_message","content_type_id","user_id","action_flag") VALUES (43,'2022-08-10 03:01:58.060305','04','Natación','[{"added": {}}]',33,1,1);
INSERT INTO "django_admin_log" ("id","action_time","object_id","object_repr","change_message","content_type_id","user_id","action_flag") VALUES (44,'2022-08-10 03:02:15.538687','05','Voleibol','[{"added": {}}]',33,1,1);
INSERT INTO "django_admin_log" ("id","action_time","object_id","object_repr","change_message","content_type_id","user_id","action_flag") VALUES (45,'2022-08-10 03:02:25.289984','06','Futbol','[{"added": {}}]',33,1,1);
INSERT INTO "django_admin_log" ("id","action_time","object_id","object_repr","change_message","content_type_id","user_id","action_flag") VALUES (46,'2022-08-10 03:02:48.843855','07','Futbol sala','[{"added": {}}]',33,1,1);
INSERT INTO "django_admin_log" ("id","action_time","object_id","object_repr","change_message","content_type_id","user_id","action_flag") VALUES (47,'2022-08-10 03:03:22.644363','08','Bádminton','[{"added": {}}]',33,1,1);
INSERT INTO "django_admin_log" ("id","action_time","object_id","object_repr","change_message","content_type_id","user_id","action_flag") VALUES (48,'2022-08-10 03:03:37.222380','09','Aeróbicos','[{"added": {}}]',33,1,1);
INSERT INTO "django_admin_log" ("id","action_time","object_id","object_repr","change_message","content_type_id","user_id","action_flag") VALUES (49,'2022-08-10 03:03:49.570588','10','Boxeo','[{"added": {}}]',33,1,1);
INSERT INTO "django_admin_log" ("id","action_time","object_id","object_repr","change_message","content_type_id","user_id","action_flag") VALUES (50,'2022-08-10 03:04:06.759718','11','Artes Marciales','[{"added": {}}]',33,1,1);
INSERT INTO "django_admin_log" ("id","action_time","object_id","object_repr","change_message","content_type_id","user_id","action_flag") VALUES (51,'2022-08-10 03:04:38.199935','12','Gimnasia Olimpica','[{"added": {}}]',33,1,1);
INSERT INTO "django_admin_log" ("id","action_time","object_id","object_repr","change_message","content_type_id","user_id","action_flag") VALUES (52,'2022-08-10 03:10:07.407119','01','Unidad deportiva el Salitre','[{"changed": {"fields": ["Nom espacio"]}}]',19,1,2);
INSERT INTO "django_admin_log" ("id","action_time","object_id","object_repr","change_message","content_type_id","user_id","action_flag") VALUES (53,'2022-08-10 03:10:54.657060','S1','Sede Deportiva El Dorado','[{"added": {}}]',19,1,1);
INSERT INTO "django_admin_log" ("id","action_time","object_id","object_repr","change_message","content_type_id","user_id","action_flag") VALUES (54,'2022-08-10 03:11:17.035122','S2','Sede Deportiva Millonarios FC','[{"added": {}}]',19,1,1);
INSERT INTO "django_admin_log" ("id","action_time","object_id","object_repr","change_message","content_type_id","user_id","action_flag") VALUES (55,'2022-08-10 03:11:51.605486','S3','Club deportivo Cafam Madelena','[{"added": {}}]',19,1,1);
INSERT INTO "django_admin_log" ("id","action_time","object_id","object_repr","change_message","content_type_id","user_id","action_flag") VALUES (56,'2022-08-10 03:14:39.628536','C1','Campo de Fútbol Millonarios FC','[{"added": {}}]',19,1,1);
INSERT INTO "django_admin_log" ("id","action_time","object_id","object_repr","change_message","content_type_id","user_id","action_flag") VALUES (57,'2022-08-10 03:15:13.506795','P1','Piscina Millonarios FC','[{"added": {}}]',19,1,1);
INSERT INTO "django_admin_log" ("id","action_time","object_id","object_repr","change_message","content_type_id","user_id","action_flag") VALUES (58,'2022-08-10 03:15:42.951951','P1','Pista Millonarios FC','[{"changed": {"fields": ["Nom espacio"]}}]',19,1,2);
INSERT INTO "django_admin_log" ("id","action_time","object_id","object_repr","change_message","content_type_id","user_id","action_flag") VALUES (59,'2022-08-10 03:16:05.946314','N1','Piscina Millonarios FC','[{"added": {}}]',19,1,1);
INSERT INTO "django_admin_log" ("id","action_time","object_id","object_repr","change_message","content_type_id","user_id","action_flag") VALUES (60,'2022-08-10 03:16:47.147866','C2','Campo de Atletismo El Dorado','[{"added": {}}]',19,1,1);
INSERT INTO "django_admin_log" ("id","action_time","object_id","object_repr","change_message","content_type_id","user_id","action_flag") VALUES (61,'2022-08-10 03:17:12.182018','P2','Pista BMX El Dorado','[{"added": {}}]',19,1,1);
INSERT INTO "django_admin_log" ("id","action_time","object_id","object_repr","change_message","content_type_id","user_id","action_flag") VALUES (62,'2022-08-10 03:17:29.158781','N2','Piscina Olimpica El Dorado','[{"added": {}}]',19,1,1);
INSERT INTO "django_admin_log" ("id","action_time","object_id","object_repr","change_message","content_type_id","user_id","action_flag") VALUES (63,'2022-08-10 03:18:28.834230','C3','Campo de patinaje Cafam','[{"added": {}}]',19,1,1);
INSERT INTO "django_admin_log" ("id","action_time","object_id","object_repr","change_message","content_type_id","user_id","action_flag") VALUES (64,'2022-08-10 03:18:54.682035','P3','Pista Ciclismo Cafam','[{"added": {}}]',19,1,1);
INSERT INTO "django_admin_log" ("id","action_time","object_id","object_repr","change_message","content_type_id","user_id","action_flag") VALUES (65,'2022-08-10 03:19:11.962555','N3','Piscina Infantil Cafam','[{"added": {}}]',19,1,1);
INSERT INTO "django_admin_log" ("id","action_time","object_id","object_repr","change_message","content_type_id","user_id","action_flag") VALUES (66,'2022-08-10 03:19:55.281785','M1','Sala Máquinas Millonarios FC','[{"added": {}}]',19,1,1);
INSERT INTO "django_admin_log" ("id","action_time","object_id","object_repr","change_message","content_type_id","user_id","action_flag") VALUES (67,'2022-08-10 03:20:19.365247','M2','Sala Máquinas El Dorado','[{"added": {}}]',19,1,1);
INSERT INTO "django_admin_log" ("id","action_time","object_id","object_repr","change_message","content_type_id","user_id","action_flag") VALUES (68,'2022-08-10 03:20:39.698956','M3','Sala Máquinas Cafam','[{"added": {}}]',19,1,1);
INSERT INTO "django_admin_log" ("id","action_time","object_id","object_repr","change_message","content_type_id","user_id","action_flag") VALUES (69,'2022-08-10 03:23:10.653095','U1','Unidad deportiva el Salitre','[{"changed": {"fields": ["Cod espacio"]}}]',19,1,2);
INSERT INTO "django_admin_log" ("id","action_time","object_id","object_repr","change_message","content_type_id","user_id","action_flag") VALUES (70,'2022-08-10 03:23:48.402975','K0','Salón 1 Millonarios FC','[{"added": {}}]',19,1,1);
INSERT INTO "django_admin_log" ("id","action_time","object_id","object_repr","change_message","content_type_id","user_id","action_flag") VALUES (71,'2022-08-10 03:24:06.056522','K1','Salón 2 Millonarios FC','[{"added": {}}]',19,1,1);
INSERT INTO "django_admin_log" ("id","action_time","object_id","object_repr","change_message","content_type_id","user_id","action_flag") VALUES (72,'2022-08-10 03:24:25.047675','K2','Salón 3 Millonarios FC','[{"added": {}}]',19,1,1);
INSERT INTO "django_admin_log" ("id","action_time","object_id","object_repr","change_message","content_type_id","user_id","action_flag") VALUES (73,'2022-08-10 03:24:33.369125','K3','Salón 4 Millonarios FC','[{"added": {}}]',19,1,1);
INSERT INTO "django_admin_log" ("id","action_time","object_id","object_repr","change_message","content_type_id","user_id","action_flag") VALUES (74,'2022-08-10 03:24:44.159152','K4','Salón 5 Millonarios FC','[{"added": {}}]',19,1,1);
INSERT INTO "django_admin_log" ("id","action_time","object_id","object_repr","change_message","content_type_id","user_id","action_flag") VALUES (75,'2022-08-10 03:24:52.596540','K5','Salón 6 Millonarios FC','[{"added": {}}]',19,1,1);
INSERT INTO "django_admin_log" ("id","action_time","object_id","object_repr","change_message","content_type_id","user_id","action_flag") VALUES (76,'2022-08-10 03:25:00.867115','K6','Salón 7 Millonarios FC','[{"added": {}}]',19,1,1);
INSERT INTO "django_admin_log" ("id","action_time","object_id","object_repr","change_message","content_type_id","user_id","action_flag") VALUES (77,'2022-08-10 03:25:09.055060','K7','Salón 8 Millonarios FC','[{"added": {}}]',19,1,1);
INSERT INTO "django_admin_log" ("id","action_time","object_id","object_repr","change_message","content_type_id","user_id","action_flag") VALUES (78,'2022-08-10 03:25:16.405591','K8','Salón 9 Millonarios FC','[{"added": {}}]',19,1,1);
INSERT INTO "django_admin_log" ("id","action_time","object_id","object_repr","change_message","content_type_id","user_id","action_flag") VALUES (79,'2022-08-10 03:25:30.314470','K9','Salón 10 Millonarios FC','[{"added": {}}]',19,1,1);
INSERT INTO "django_admin_log" ("id","action_time","object_id","object_repr","change_message","content_type_id","user_id","action_flag") VALUES (80,'2022-08-10 03:25:51.879380','L1','Salón 1 El Dorado','[{"added": {}}]',19,1,1);
INSERT INTO "django_admin_log" ("id","action_time","object_id","object_repr","change_message","content_type_id","user_id","action_flag") VALUES (81,'2022-08-10 03:26:02.308167','L2','Salón 2 El Dorado','[{"added": {}}]',19,1,1);
INSERT INTO "django_admin_log" ("id","action_time","object_id","object_repr","change_message","content_type_id","user_id","action_flag") VALUES (82,'2022-08-10 03:26:13.358319','L3','Salón 3 El Dorado','[{"added": {}}]',19,1,1);
INSERT INTO "django_admin_log" ("id","action_time","object_id","object_repr","change_message","content_type_id","user_id","action_flag") VALUES (83,'2022-08-10 03:26:23.530899','L4','Salón 4 El Dorado','[{"added": {}}]',19,1,1);
INSERT INTO "django_admin_log" ("id","action_time","object_id","object_repr","change_message","content_type_id","user_id","action_flag") VALUES (84,'2022-08-10 03:26:31.491517','L5','Salón 5 El Dorado','[{"added": {}}]',19,1,1);
INSERT INTO "django_admin_log" ("id","action_time","object_id","object_repr","change_message","content_type_id","user_id","action_flag") VALUES (85,'2022-08-10 03:26:38.756458','L6','Salón 6 El Dorado','[{"added": {}}]',19,1,1);
INSERT INTO "django_admin_log" ("id","action_time","object_id","object_repr","change_message","content_type_id","user_id","action_flag") VALUES (86,'2022-08-10 03:26:45.972625','L7','Salón 7 El Dorado','[{"added": {}}]',19,1,1);
INSERT INTO "django_admin_log" ("id","action_time","object_id","object_repr","change_message","content_type_id","user_id","action_flag") VALUES (87,'2022-08-10 03:26:55.519361','L8','Salón 8 El Dorado','[{"added": {}}]',19,1,1);
INSERT INTO "django_admin_log" ("id","action_time","object_id","object_repr","change_message","content_type_id","user_id","action_flag") VALUES (88,'2022-08-10 03:27:08.028691','L9','Salón 9 El Dorado','[{"added": {}}]',19,1,1);
INSERT INTO "django_admin_log" ("id","action_time","object_id","object_repr","change_message","content_type_id","user_id","action_flag") VALUES (89,'2022-08-10 03:27:23.971937','L0','Salón 10 El Dorado','[{"added": {}}]',19,1,1);
INSERT INTO "django_admin_log" ("id","action_time","object_id","object_repr","change_message","content_type_id","user_id","action_flag") VALUES (90,'2022-08-10 03:27:57.985891','J0','Salón 1 Cafam Madelena','[{"added": {}}]',19,1,1);
INSERT INTO "django_admin_log" ("id","action_time","object_id","object_repr","change_message","content_type_id","user_id","action_flag") VALUES (91,'2022-08-10 03:28:11.179842','J1','Salón 2 Cafam Madelena','[{"added": {}}]',19,1,1);
INSERT INTO "django_admin_log" ("id","action_time","object_id","object_repr","change_message","content_type_id","user_id","action_flag") VALUES (92,'2022-08-10 03:28:17.792080','J2','Salón 3 Cafam Madelena','[{"added": {}}]',19,1,1);
INSERT INTO "django_admin_log" ("id","action_time","object_id","object_repr","change_message","content_type_id","user_id","action_flag") VALUES (93,'2022-08-10 03:28:29.405809','J3','Salón 4 Cafam Madelena','[{"added": {}}]',19,1,1);
INSERT INTO "django_admin_log" ("id","action_time","object_id","object_repr","change_message","content_type_id","user_id","action_flag") VALUES (94,'2022-08-10 03:28:39.026854','J4','Salón 4 Cafam Madelena','[{"added": {}}]',19,1,1);
INSERT INTO "django_admin_log" ("id","action_time","object_id","object_repr","change_message","content_type_id","user_id","action_flag") VALUES (95,'2022-08-10 03:28:53.548086','J5','Salón 4 Cafam Madelena','[{"changed": {"fields": ["Cod espacio"]}}]',19,1,2);
INSERT INTO "django_admin_log" ("id","action_time","object_id","object_repr","change_message","content_type_id","user_id","action_flag") VALUES (96,'2022-08-10 03:29:16.442490','J4','Salón 5 Cafam Madelena','[{"changed": {"fields": ["Nom espacio"]}}]',19,1,2);
INSERT INTO "django_admin_log" ("id","action_time","object_id","object_repr","change_message","content_type_id","user_id","action_flag") VALUES (97,'2022-08-10 03:29:23.471732','J5','Salón 6 Cafam Madelena','[{"changed": {"fields": ["Nom espacio"]}}]',19,1,2);
INSERT INTO "django_admin_log" ("id","action_time","object_id","object_repr","change_message","content_type_id","user_id","action_flag") VALUES (98,'2022-08-10 03:29:31.831685','J6','Salón 7 Cafam Madelena','[{"added": {}}]',19,1,1);
INSERT INTO "django_admin_log" ("id","action_time","object_id","object_repr","change_message","content_type_id","user_id","action_flag") VALUES (99,'2022-08-10 03:29:42.453334','J7','Salón 8 Cafam Madelena','[{"added": {}}]',19,1,1);
INSERT INTO "django_admin_log" ("id","action_time","object_id","object_repr","change_message","content_type_id","user_id","action_flag") VALUES (100,'2022-08-10 03:29:51.034921','J8','Salón 9 Cafam Madelena','[{"added": {}}]',19,1,1);
INSERT INTO "django_admin_log" ("id","action_time","object_id","object_repr","change_message","content_type_id","user_id","action_flag") VALUES (101,'2022-08-10 03:30:01.704275','J9','Salón 10 Cafam Madelena','[{"added": {}}]',19,1,1);
INSERT INTO "django_admin_log" ("id","action_time","object_id","object_repr","change_message","content_type_id","user_id","action_flag") VALUES (102,'2022-08-10 03:34:43.708129','0001','Sanchez Jhony','[{"added": {}}]',8,1,1);
INSERT INTO "django_admin_log" ("id","action_time","object_id","object_repr","change_message","content_type_id","user_id","action_flag") VALUES (103,'2022-08-10 03:35:08.436762','0002','Garcia Daniel','[{"added": {}}]',8,1,1);
INSERT INTO "django_admin_log" ("id","action_time","object_id","object_repr","change_message","content_type_id","user_id","action_flag") VALUES (104,'2022-08-10 03:35:26.061627','0003','Cortes Alejandro','[{"added": {}}]',8,1,1);
INSERT INTO "django_admin_log" ("id","action_time","object_id","object_repr","change_message","content_type_id","user_id","action_flag") VALUES (105,'2022-08-10 03:35:42.397847','0004','Garcia Viviana','[{"added": {}}]',8,1,1);
INSERT INTO "django_admin_log" ("id","action_time","object_id","object_repr","change_message","content_type_id","user_id","action_flag") VALUES (106,'2022-08-10 03:36:05.071899','0005','Bustos Angie','[{"added": {}}]',8,1,1);
INSERT INTO "django_admin_log" ("id","action_time","object_id","object_repr","change_message","content_type_id","user_id","action_flag") VALUES (107,'2022-08-10 03:36:25.179436','0006','Herrera Juan','[{"added": {}}]',8,1,1);
INSERT INTO "django_admin_log" ("id","action_time","object_id","object_repr","change_message","content_type_id","user_id","action_flag") VALUES (108,'2022-08-10 03:36:42.217998','0007','Ramirez Juan','[{"added": {}}]',8,1,1);
INSERT INTO "django_admin_log" ("id","action_time","object_id","object_repr","change_message","content_type_id","user_id","action_flag") VALUES (109,'2022-08-10 03:37:03.074648','0008','Gaviria Alejandro','[{"added": {}}]',8,1,1);
INSERT INTO "django_admin_log" ("id","action_time","object_id","object_repr","change_message","content_type_id","user_id","action_flag") VALUES (110,'2022-08-10 03:37:36.170182','0009','Tellez Diego','[{"added": {}}]',8,1,1);
INSERT INTO "django_admin_log" ("id","action_time","object_id","object_repr","change_message","content_type_id","user_id","action_flag") VALUES (111,'2022-08-10 03:37:56.600646','0010','Olaya Esteban','[{"added": {}}]',8,1,1);
INSERT INTO "django_admin_log" ("id","action_time","object_id","object_repr","change_message","content_type_id","user_id","action_flag") VALUES (112,'2022-08-10 03:38:33.217042','1','1 2022-08-10','[{"added": {}}]',15,1,1);
INSERT INTO "django_admin_log" ("id","action_time","object_id","object_repr","change_message","content_type_id","user_id","action_flag") VALUES (113,'2022-08-10 03:38:39.465530','2','2 2022-08-10','[{"added": {}}]',15,1,1);
INSERT INTO "django_admin_log" ("id","action_time","object_id","object_repr","change_message","content_type_id","user_id","action_flag") VALUES (114,'2022-08-10 03:39:14.051893','3','3 2022-08-10','[{"added": {}}]',15,1,1);
INSERT INTO "django_admin_log" ("id","action_time","object_id","object_repr","change_message","content_type_id","user_id","action_flag") VALUES (115,'2022-08-10 03:39:23.832777','4','4 2022-08-10','[{"added": {}}]',15,1,1);
INSERT INTO "django_admin_log" ("id","action_time","object_id","object_repr","change_message","content_type_id","user_id","action_flag") VALUES (116,'2022-08-10 03:39:37.436037','5','5 2022-08-10','[{"added": {}}]',15,1,1);
INSERT INTO "django_admin_log" ("id","action_time","object_id","object_repr","change_message","content_type_id","user_id","action_flag") VALUES (117,'2022-08-10 03:40:04.591608','5','5 2022-08-10','[{"changed": {"fields": ["Espacio"]}}]',15,1,2);
INSERT INTO "django_admin_log" ("id","action_time","object_id","object_repr","change_message","content_type_id","user_id","action_flag") VALUES (118,'2022-08-10 03:40:12.442158','4','4 2022-08-10','[{"changed": {"fields": ["Espacio"]}}]',15,1,2);
INSERT INTO "django_admin_log" ("id","action_time","object_id","object_repr","change_message","content_type_id","user_id","action_flag") VALUES (119,'2022-08-10 03:40:18.563196','3','3 2022-08-10','[{"changed": {"fields": ["Espacio"]}}]',15,1,2);
INSERT INTO "django_admin_log" ("id","action_time","object_id","object_repr","change_message","content_type_id","user_id","action_flag") VALUES (120,'2022-08-10 03:42:54.792968','6','6 2022-08-10','[{"added": {}}]',15,1,1);
INSERT INTO "django_admin_log" ("id","action_time","object_id","object_repr","change_message","content_type_id","user_id","action_flag") VALUES (121,'2022-08-10 03:43:09.601282','7','7 2022-08-10','[{"added": {}}]',15,1,1);
INSERT INTO "django_admin_log" ("id","action_time","object_id","object_repr","change_message","content_type_id","user_id","action_flag") VALUES (122,'2022-08-10 03:43:13.022194','8','8 2022-08-10','[{"added": {}}]',15,1,1);
INSERT INTO "django_admin_log" ("id","action_time","object_id","object_repr","change_message","content_type_id","user_id","action_flag") VALUES (123,'2022-08-10 03:43:35.199543','9','9 2022-08-10','[{"added": {}}]',15,1,1);
INSERT INTO "django_admin_log" ("id","action_time","object_id","object_repr","change_message","content_type_id","user_id","action_flag") VALUES (124,'2022-08-10 03:43:43.293226','10','10 2022-08-10','[{"added": {}}]',15,1,1);
INSERT INTO "django_admin_log" ("id","action_time","object_id","object_repr","change_message","content_type_id","user_id","action_flag") VALUES (125,'2022-08-10 03:43:51.405931','11','11 2022-08-10','[{"added": {}}]',15,1,1);
INSERT INTO "django_admin_log" ("id","action_time","object_id","object_repr","change_message","content_type_id","user_id","action_flag") VALUES (126,'2022-08-10 03:45:18.592122','20221020001','PEDRAZA MARTINEZ DANA JULIETH','[{"added": {}}]',9,1,1);
INSERT INTO "django_admin_log" ("id","action_time","object_id","object_repr","change_message","content_type_id","user_id","action_flag") VALUES (127,'2022-08-10 03:45:43.346912','20221020002','FRANCO PINILLA NICOLAS GUSTAVO','[{"added": {}}]',9,1,1);
INSERT INTO "django_admin_log" ("id","action_time","object_id","object_repr","change_message","content_type_id","user_id","action_flag") VALUES (128,'2022-08-10 03:46:04.475095','20221020003','JIMENEZ VILLAREAL ANDERSON CAMILO','[{"added": {}}]',9,1,1);
INSERT INTO "django_admin_log" ("id","action_time","object_id","object_repr","change_message","content_type_id","user_id","action_flag") VALUES (129,'2022-08-10 03:53:32.684831','20221020004','ZAMBRANO VASQUEZ SANTIAGO ANDRES','[{"added": {}}]',9,1,1);
INSERT INTO "django_admin_log" ("id","action_time","object_id","object_repr","change_message","content_type_id","user_id","action_flag") VALUES (130,'2022-08-10 03:53:54.793207','20221020005','OSORIO GONZALEZ JUAN DAVID','[{"added": {}}]',9,1,1);
INSERT INTO "django_admin_log" ("id","action_time","object_id","object_repr","change_message","content_type_id","user_id","action_flag") VALUES (131,'2022-08-10 03:54:19.414571','20221020006','CRESPO JAMIOY EDISSON DAVID','[{"added": {}}]',9,1,1);
INSERT INTO "django_admin_log" ("id","action_time","object_id","object_repr","change_message","content_type_id","user_id","action_flag") VALUES (132,'2022-08-10 03:54:44.241073','20221020007','AGUILAR PALACIOS KAROL ESTEFANIA','[{"added": {}}]',9,1,1);
INSERT INTO "django_admin_log" ("id","action_time","object_id","object_repr","change_message","content_type_id","user_id","action_flag") VALUES (133,'2022-08-10 03:55:35.680288','20221020008','FRANCO PINILLA DANA JULIETH','[{"added": {}}]',9,1,1);
INSERT INTO "django_admin_log" ("id","action_time","object_id","object_repr","change_message","content_type_id","user_id","action_flag") VALUES (134,'2022-08-10 03:56:16.386332','20221020009','PEDRAZA MARTINEZ NICOLAS GUSTAVO','[{"added": {}}]',9,1,1);
INSERT INTO "django_admin_log" ("id","action_time","object_id","object_repr","change_message","content_type_id","user_id","action_flag") VALUES (135,'2022-08-10 03:56:45.248020','20221020010','ZAMBRANO VASQUEZ ANDERSON CAMILO','[{"added": {}}]',9,1,1);
INSERT INTO "django_admin_log" ("id","action_time","object_id","object_repr","change_message","content_type_id","user_id","action_flag") VALUES (136,'2022-08-10 03:58:36.381160','1','Domingo','[{"added": {}}]',18,1,1);
INSERT INTO "django_admin_log" ("id","action_time","object_id","object_repr","change_message","content_type_id","user_id","action_flag") VALUES (137,'2022-08-10 03:58:41.542578','2','Lunes','[{"added": {}}]',18,1,1);
INSERT INTO "django_admin_log" ("id","action_time","object_id","object_repr","change_message","content_type_id","user_id","action_flag") VALUES (138,'2022-08-10 03:58:46.781991','3','Martes','[{"added": {}}]',18,1,1);
INSERT INTO "django_admin_log" ("id","action_time","object_id","object_repr","change_message","content_type_id","user_id","action_flag") VALUES (139,'2022-08-10 03:58:57.106419','4','Miércoles','[{"added": {}}]',18,1,1);
INSERT INTO "django_admin_log" ("id","action_time","object_id","object_repr","change_message","content_type_id","user_id","action_flag") VALUES (140,'2022-08-10 03:59:02.088135','5','Jueves','[{"added": {}}]',18,1,1);
INSERT INTO "django_admin_log" ("id","action_time","object_id","object_repr","change_message","content_type_id","user_id","action_flag") VALUES (141,'2022-08-10 03:59:10.572075','6','Viernes','[{"added": {}}]',18,1,1);
INSERT INTO "django_admin_log" ("id","action_time","object_id","object_repr","change_message","content_type_id","user_id","action_flag") VALUES (142,'2022-08-10 03:59:20.417268','7','Sábado','[{"added": {}}]',18,1,1);
INSERT INTO "django_admin_log" ("id","action_time","object_id","object_repr","change_message","content_type_id","user_id","action_flag") VALUES (143,'2022-08-10 04:34:12.313808','1','1','[{"added": {}}]',25,1,1);
INSERT INTO "django_admin_log" ("id","action_time","object_id","object_repr","change_message","content_type_id","user_id","action_flag") VALUES (144,'2022-08-10 04:34:51.234692','2','1','[{"added": {}}]',25,1,1);
INSERT INTO "django_admin_log" ("id","action_time","object_id","object_repr","change_message","content_type_id","user_id","action_flag") VALUES (145,'2022-08-10 04:35:00.008928','3','1','[{"added": {}}]',25,1,1);
INSERT INTO "django_admin_log" ("id","action_time","object_id","object_repr","change_message","content_type_id","user_id","action_flag") VALUES (146,'2022-08-10 04:35:38.313981','3','10','[{"changed": {"fields": ["Cupo", "No inscritos"]}}]',25,1,2);
INSERT INTO "django_admin_log" ("id","action_time","object_id","object_repr","change_message","content_type_id","user_id","action_flag") VALUES (147,'2022-08-10 04:35:49.881443','2','10','[{"changed": {"fields": ["Cupo", "No inscritos"]}}]',25,1,2);
INSERT INTO "django_admin_log" ("id","action_time","object_id","object_repr","change_message","content_type_id","user_id","action_flag") VALUES (148,'2022-08-10 04:36:00.474491','1','22','[{"changed": {"fields": ["Cupo", "No inscritos"]}}]',25,1,2);
INSERT INTO "django_admin_log" ("id","action_time","object_id","object_repr","change_message","content_type_id","user_id","action_flag") VALUES (149,'2022-08-10 04:41:28.008416','4','40','[{"added": {}}]',25,1,1);
INSERT INTO "django_admin_log" ("id","action_time","object_id","object_repr","change_message","content_type_id","user_id","action_flag") VALUES (150,'2022-08-10 04:41:45.170671','5','1','[{"added": {}}]',25,1,1);
INSERT INTO "django_admin_log" ("id","action_time","object_id","object_repr","change_message","content_type_id","user_id","action_flag") VALUES (151,'2022-08-10 04:41:54.411470','6','1','[{"added": {}}]',25,1,1);
INSERT INTO "django_admin_log" ("id","action_time","object_id","object_repr","change_message","content_type_id","user_id","action_flag") VALUES (152,'2022-08-10 04:42:04.167962','7','1','[{"added": {}}]',25,1,1);
INSERT INTO "django_admin_log" ("id","action_time","object_id","object_repr","change_message","content_type_id","user_id","action_flag") VALUES (153,'2022-08-10 04:42:18.514267','8','1','[{"added": {}}]',25,1,1);
INSERT INTO "django_admin_log" ("id","action_time","object_id","object_repr","change_message","content_type_id","user_id","action_flag") VALUES (154,'2022-08-10 04:42:33.932452','8','22','[{"changed": {"fields": ["Cupo", "No inscritos"]}}]',25,1,2);
INSERT INTO "django_admin_log" ("id","action_time","object_id","object_repr","change_message","content_type_id","user_id","action_flag") VALUES (155,'2022-08-10 04:42:42.324415','5','10','[{"changed": {"fields": ["Cupo", "No inscritos"]}}]',25,1,2);
INSERT INTO "django_admin_log" ("id","action_time","object_id","object_repr","change_message","content_type_id","user_id","action_flag") VALUES (156,'2022-08-10 04:42:49.526507','6','10','[{"changed": {"fields": ["Cupo", "No inscritos"]}}]',25,1,2);
INSERT INTO "django_admin_log" ("id","action_time","object_id","object_repr","change_message","content_type_id","user_id","action_flag") VALUES (157,'2022-08-10 04:42:58.873923','7','12','[{"changed": {"fields": ["Cupo", "No inscritos"]}}]',25,1,2);
INSERT INTO "django_admin_log" ("id","action_time","object_id","object_repr","change_message","content_type_id","user_id","action_flag") VALUES (158,'2022-08-10 04:43:30.761238','9','22','[{"added": {}}]',25,1,1);
INSERT INTO "django_admin_log" ("id","action_time","object_id","object_repr","change_message","content_type_id","user_id","action_flag") VALUES (159,'2022-08-10 04:43:51.545440','10','22','[{"added": {}}]',25,1,1);
INSERT INTO "django_admin_log" ("id","action_time","object_id","object_repr","change_message","content_type_id","user_id","action_flag") VALUES (160,'2022-08-10 04:44:12.924446','11','40','[{"added": {}}]',25,1,1);
INSERT INTO "django_admin_log" ("id","action_time","object_id","object_repr","change_message","content_type_id","user_id","action_flag") VALUES (161,'2022-08-10 04:44:38.045192','12','23','[{"added": {}}]',25,1,1);
INSERT INTO "django_admin_log" ("id","action_time","object_id","object_repr","change_message","content_type_id","user_id","action_flag") VALUES (162,'2022-08-10 04:44:58.156385','10','22','[{"changed": {"fields": ["Actividad"]}}]',25,1,2);
INSERT INTO "django_admin_log" ("id","action_time","object_id","object_repr","change_message","content_type_id","user_id","action_flag") VALUES (163,'2022-08-10 04:59:01.171089','1','Balón Baloncesto','[{"added": {}}]',32,1,1);
INSERT INTO "django_admin_log" ("id","action_time","object_id","object_repr","change_message","content_type_id","user_id","action_flag") VALUES (164,'2022-08-10 04:59:09.745002','2','Balón Futbol','[{"added": {}}]',32,1,1);
INSERT INTO "django_admin_log" ("id","action_time","object_id","object_repr","change_message","content_type_id","user_id","action_flag") VALUES (165,'2022-08-10 04:59:20.425004','3','Balón Voleibol','[{"added": {}}]',32,1,1);
INSERT INTO "django_admin_log" ("id","action_time","object_id","object_repr","change_message","content_type_id","user_id","action_flag") VALUES (166,'2022-08-10 04:59:41.925477','4','Balón Baloncesto','[{"added": {}}]',32,1,1);
INSERT INTO "django_admin_log" ("id","action_time","object_id","object_repr","change_message","content_type_id","user_id","action_flag") VALUES (167,'2022-08-10 05:00:14.977150','5','Saco Boxeo','[{"added": {}}]',32,1,1);
INSERT INTO "django_admin_log" ("id","action_time","object_id","object_repr","change_message","content_type_id","user_id","action_flag") VALUES (168,'2022-08-10 05:00:30.031257','6','Malla Pimpón','[{"added": {}}]',32,1,1);
INSERT INTO "django_admin_log" ("id","action_time","object_id","object_repr","change_message","content_type_id","user_id","action_flag") VALUES (169,'2022-08-10 05:00:37.776594','7','Chaleco Boxeo','[{"added": {}}]',32,1,1);
INSERT INTO "django_admin_log" ("id","action_time","object_id","object_repr","change_message","content_type_id","user_id","action_flag") VALUES (170,'2022-08-10 05:00:53.474334','8','Aros hula-hula','[{"added": {}}]',32,1,1);
INSERT INTO "django_admin_log" ("id","action_time","object_id","object_repr","change_message","content_type_id","user_id","action_flag") VALUES (171,'2022-08-10 05:01:10.708390','9','Saco Boxeo','[{"added": {}}]',32,1,1);
INSERT INTO "django_admin_log" ("id","action_time","object_id","object_repr","change_message","content_type_id","user_id","action_flag") VALUES (172,'2022-08-10 05:01:39.960452','10','Balón Baloncesto','[{"added": {}}]',32,1,1);
INSERT INTO "django_admin_log" ("id","action_time","object_id","object_repr","change_message","content_type_id","user_id","action_flag") VALUES (173,'2022-08-10 05:06:41.007185','1','Atletismo','[{"added": {}}]',26,1,1);
INSERT INTO "django_admin_log" ("id","action_time","object_id","object_repr","change_message","content_type_id","user_id","action_flag") VALUES (174,'2022-08-10 05:06:52.858945','1','Atletismo','[{"changed": {"fields": ["Entrenador"]}}]',26,1,2);
INSERT INTO "django_admin_log" ("id","action_time","object_id","object_repr","change_message","content_type_id","user_id","action_flag") VALUES (175,'2022-08-10 05:07:08.650927','2','Tenis','[{"added": {}}]',26,1,1);
INSERT INTO "django_admin_log" ("id","action_time","object_id","object_repr","change_message","content_type_id","user_id","action_flag") VALUES (176,'2022-08-10 05:07:12.994054','3','Tenis Mesa','[{"added": {}}]',26,1,1);
INSERT INTO "django_admin_log" ("id","action_time","object_id","object_repr","change_message","content_type_id","user_id","action_flag") VALUES (177,'2022-08-10 05:07:17.378431','4','Natación','[{"added": {}}]',26,1,1);
INSERT INTO "django_admin_log" ("id","action_time","object_id","object_repr","change_message","content_type_id","user_id","action_flag") VALUES (178,'2022-08-10 05:07:21.824354','5','Voleibol','[{"added": {}}]',26,1,1);
INSERT INTO "django_admin_log" ("id","action_time","object_id","object_repr","change_message","content_type_id","user_id","action_flag") VALUES (179,'2022-08-10 05:07:26.309517','6','Futbol','[{"added": {}}]',26,1,1);
INSERT INTO "django_admin_log" ("id","action_time","object_id","object_repr","change_message","content_type_id","user_id","action_flag") VALUES (180,'2022-08-10 05:07:31.081870','7','Futbol sala','[{"added": {}}]',26,1,1);
INSERT INTO "django_admin_log" ("id","action_time","object_id","object_repr","change_message","content_type_id","user_id","action_flag") VALUES (181,'2022-08-10 05:07:38.712959','8','Bádminton','[{"added": {}}]',26,1,1);
INSERT INTO "django_admin_log" ("id","action_time","object_id","object_repr","change_message","content_type_id","user_id","action_flag") VALUES (182,'2022-08-10 05:07:46.051825','9','Aeróbicos','[{"added": {}}]',26,1,1);
INSERT INTO "django_admin_log" ("id","action_time","object_id","object_repr","change_message","content_type_id","user_id","action_flag") VALUES (183,'2022-08-10 05:07:52.839032','10','Boxeo','[{"added": {}}]',26,1,1);
INSERT INTO "django_admin_log" ("id","action_time","object_id","object_repr","change_message","content_type_id","user_id","action_flag") VALUES (184,'2022-08-10 05:07:58.345670','11','Boxeo','[{"added": {}}]',26,1,1);
INSERT INTO "django_admin_log" ("id","action_time","object_id","object_repr","change_message","content_type_id","user_id","action_flag") VALUES (185,'2022-08-10 05:08:03.110877','12','Artes Marciales','[{"added": {}}]',26,1,1);
INSERT INTO "django_admin_log" ("id","action_time","object_id","object_repr","change_message","content_type_id","user_id","action_flag") VALUES (186,'2022-08-10 05:08:08.336799','13','Gimnasia Olimpica','[{"added": {}}]',26,1,1);
INSERT INTO "django_admin_log" ("id","action_time","object_id","object_repr","change_message","content_type_id","user_id","action_flag") VALUES (187,'2022-08-10 05:09:20.178504','1','PEDRAZA MARTINEZ DANA JULIETH','[{"added": {}}]',27,1,1);
INSERT INTO "django_admin_log" ("id","action_time","object_id","object_repr","change_message","content_type_id","user_id","action_flag") VALUES (188,'2022-08-10 05:09:23.085720','2','FRANCO PINILLA NICOLAS GUSTAVO','[{"added": {}}]',27,1,1);
INSERT INTO "django_admin_log" ("id","action_time","object_id","object_repr","change_message","content_type_id","user_id","action_flag") VALUES (189,'2022-08-10 05:09:26.992853','3','JIMENEZ VILLAREAL ANDERSON CAMILO','[{"added": {}}]',27,1,1);
INSERT INTO "django_admin_log" ("id","action_time","object_id","object_repr","change_message","content_type_id","user_id","action_flag") VALUES (190,'2022-08-10 05:09:30.755604','4','ZAMBRANO VASQUEZ SANTIAGO ANDRES','[{"added": {}}]',27,1,1);
INSERT INTO "django_admin_log" ("id","action_time","object_id","object_repr","change_message","content_type_id","user_id","action_flag") VALUES (191,'2022-08-10 05:09:35.935514','5','OSORIO GONZALEZ JUAN DAVID','[{"added": {}}]',27,1,1);
INSERT INTO "django_admin_log" ("id","action_time","object_id","object_repr","change_message","content_type_id","user_id","action_flag") VALUES (192,'2022-08-10 05:09:44.906811','6','CRESPO JAMIOY EDISSON DAVID','[{"added": {}}]',27,1,1);
INSERT INTO "django_admin_log" ("id","action_time","object_id","object_repr","change_message","content_type_id","user_id","action_flag") VALUES (193,'2022-08-10 05:09:53.812768','7','FRANCO PINILLA DANA JULIETH','[{"added": {}}]',27,1,1);
INSERT INTO "django_admin_log" ("id","action_time","object_id","object_repr","change_message","content_type_id","user_id","action_flag") VALUES (194,'2022-08-10 05:10:02.937376','8','PEDRAZA MARTINEZ NICOLAS GUSTAVO','[{"added": {}}]',27,1,1);
INSERT INTO "django_admin_log" ("id","action_time","object_id","object_repr","change_message","content_type_id","user_id","action_flag") VALUES (195,'2022-08-10 05:10:11.710491','9','ZAMBRANO VASQUEZ ANDERSON CAMILO','[{"added": {}}]',27,1,1);
INSERT INTO "django_admin_log" ("id","action_time","object_id","object_repr","change_message","content_type_id","user_id","action_flag") VALUES (196,'2022-08-10 05:12:43.859657','1','PEDRAZA MARTINEZ DANA JULIETH','[{"added": {}}]',28,1,1);
INSERT INTO "django_admin_log" ("id","action_time","object_id","object_repr","change_message","content_type_id","user_id","action_flag") VALUES (197,'2022-08-10 05:12:48.506055','2','FRANCO PINILLA NICOLAS GUSTAVO','[{"added": {}}]',28,1,1);
INSERT INTO "django_admin_log" ("id","action_time","object_id","object_repr","change_message","content_type_id","user_id","action_flag") VALUES (198,'2022-08-10 05:12:52.163699','3','JIMENEZ VILLAREAL ANDERSON CAMILO','[{"added": {}}]',28,1,1);
INSERT INTO "django_admin_log" ("id","action_time","object_id","object_repr","change_message","content_type_id","user_id","action_flag") VALUES (199,'2022-08-10 05:12:56.443097','4','ZAMBRANO VASQUEZ SANTIAGO ANDRES','[{"added": {}}]',28,1,1);
INSERT INTO "django_admin_log" ("id","action_time","object_id","object_repr","change_message","content_type_id","user_id","action_flag") VALUES (200,'2022-08-10 05:13:00.713339','5','ZAMBRANO VASQUEZ SANTIAGO ANDRES','[{"added": {}}]',28,1,1);
INSERT INTO "django_admin_log" ("id","action_time","object_id","object_repr","change_message","content_type_id","user_id","action_flag") VALUES (201,'2022-08-10 05:13:04.149126','6','OSORIO GONZALEZ JUAN DAVID','[{"added": {}}]',28,1,1);
INSERT INTO "django_admin_log" ("id","action_time","object_id","object_repr","change_message","content_type_id","user_id","action_flag") VALUES (202,'2022-08-10 05:13:08.598405','7','CRESPO JAMIOY EDISSON DAVID','[{"added": {}}]',28,1,1);
INSERT INTO "django_admin_log" ("id","action_time","object_id","object_repr","change_message","content_type_id","user_id","action_flag") VALUES (203,'2022-08-10 05:13:12.295952','8','FRANCO PINILLA DANA JULIETH','[{"added": {}}]',28,1,1);
INSERT INTO "django_admin_log" ("id","action_time","object_id","object_repr","change_message","content_type_id","user_id","action_flag") VALUES (204,'2022-08-10 05:13:16.430566','9','PEDRAZA MARTINEZ NICOLAS GUSTAVO','[{"added": {}}]',28,1,1);
INSERT INTO "django_admin_log" ("id","action_time","object_id","object_repr","change_message","content_type_id","user_id","action_flag") VALUES (205,'2022-08-10 05:14:29.521850','10','ZAMBRANO VASQUEZ SANTIAGO ANDRES','[{"added": {}}]',28,1,1);
INSERT INTO "django_admin_log" ("id","action_time","object_id","object_repr","change_message","content_type_id","user_id","action_flag") VALUES (206,'2022-08-10 05:14:36.620128','11','PEDRAZA MARTINEZ NICOLAS GUSTAVO','[{"added": {}}]',28,1,1);
INSERT INTO "django_admin_log" ("id","action_time","object_id","object_repr","change_message","content_type_id","user_id","action_flag") VALUES (207,'2022-08-10 05:14:40.537681','12','PEDRAZA MARTINEZ DANA JULIETH','[{"added": {}}]',28,1,1);
INSERT INTO "django_admin_log" ("id","action_time","object_id","object_repr","change_message","content_type_id","user_id","action_flag") VALUES (208,'2022-08-10 05:16:44.574570','1','PEDRAZA MARTINEZ DANA JULIETH','[{"added": {}}]',21,1,1);
INSERT INTO "django_admin_log" ("id","action_time","object_id","object_repr","change_message","content_type_id","user_id","action_flag") VALUES (209,'2022-08-10 05:16:48.849608','2','PEDRAZA MARTINEZ DANA JULIETH','[{"added": {}}]',21,1,1);
INSERT INTO "django_admin_log" ("id","action_time","object_id","object_repr","change_message","content_type_id","user_id","action_flag") VALUES (210,'2022-08-10 05:16:53.173080','3','PEDRAZA MARTINEZ DANA JULIETH','[{"added": {}}]',21,1,1);
INSERT INTO "django_admin_log" ("id","action_time","object_id","object_repr","change_message","content_type_id","user_id","action_flag") VALUES (211,'2022-08-10 05:16:59.929886','4','PEDRAZA MARTINEZ DANA JULIETH','[{"added": {}}]',21,1,1);
INSERT INTO "django_admin_log" ("id","action_time","object_id","object_repr","change_message","content_type_id","user_id","action_flag") VALUES (212,'2022-08-10 05:17:09.172811','3','ZAMBRANO VASQUEZ SANTIAGO ANDRES','[{"changed": {"fields": ["Estudiante"]}}]',21,1,2);
INSERT INTO "django_admin_log" ("id","action_time","object_id","object_repr","change_message","content_type_id","user_id","action_flag") VALUES (213,'2022-08-10 05:17:19.856506','2','AGUILAR PALACIOS KAROL ESTEFANIA','[{"changed": {"fields": ["Estudiante"]}}]',21,1,2);
INSERT INTO "django_admin_log" ("id","action_time","object_id","object_repr","change_message","content_type_id","user_id","action_flag") VALUES (214,'2022-08-10 05:17:26.078812','1','ZAMBRANO VASQUEZ ANDERSON CAMILO','[{"changed": {"fields": ["Estudiante"]}}]',21,1,2);
INSERT INTO "django_admin_log" ("id","action_time","object_id","object_repr","change_message","content_type_id","user_id","action_flag") VALUES (215,'2022-08-10 05:19:58.352780','1','1 2022-08-10','[{"added": {}}]',12,1,1);
INSERT INTO "django_admin_log" ("id","action_time","object_id","object_repr","change_message","content_type_id","user_id","action_flag") VALUES (216,'2022-08-10 05:20:05.530715','2','2 2022-08-10','[{"added": {}}]',12,1,1);
INSERT INTO "django_admin_log" ("id","action_time","object_id","object_repr","change_message","content_type_id","user_id","action_flag") VALUES (217,'2022-08-10 05:21:36.476190','1','1 2022-08-10 2022-08-10','[{"added": {}}]',16,1,1);
INSERT INTO "django_admin_log" ("id","action_time","object_id","object_repr","change_message","content_type_id","user_id","action_flag") VALUES (218,'2022-08-10 05:21:38.892416','2','2 2022-08-10 2022-08-10','[{"added": {}}]',16,1,1);

--django_migrations
INSERT INTO "django_migrations" ("id","app","name","applied") VALUES (1,'contenttypes','0001_initial','2022-08-10 02:43:34.845667');
INSERT INTO "django_migrations" ("id","app","name","applied") VALUES (2,'auth','0001_initial','2022-08-10 02:43:34.869843');
INSERT INTO "django_migrations" ("id","app","name","applied") VALUES (3,'admin','0001_initial','2022-08-10 02:43:34.885043');
INSERT INTO "django_migrations" ("id","app","name","applied") VALUES (4,'admin','0002_logentry_remove_auto_add','2022-08-10 02:43:34.899351');
INSERT INTO "django_migrations" ("id","app","name","applied") VALUES (5,'admin','0003_logentry_add_action_flag_choices','2022-08-10 02:43:34.915986');
INSERT INTO "django_migrations" ("id","app","name","applied") VALUES (6,'contenttypes','0002_remove_content_type_name','2022-08-10 02:43:34.945306');
INSERT INTO "django_migrations" ("id","app","name","applied") VALUES (7,'auth','0002_alter_permission_name_max_length','2022-08-10 02:43:34.958134');
INSERT INTO "django_migrations" ("id","app","name","applied") VALUES (8,'auth','0003_alter_user_email_max_length','2022-08-10 02:43:34.973110');
INSERT INTO "django_migrations" ("id","app","name","applied") VALUES (9,'auth','0004_alter_user_username_opts','2022-08-10 02:43:34.984721');
INSERT INTO "django_migrations" ("id","app","name","applied") VALUES (10,'auth','0005_alter_user_last_login_null','2022-08-10 02:43:34.998806');
INSERT INTO "django_migrations" ("id","app","name","applied") VALUES (11,'auth','0006_require_contenttypes_0002','2022-08-10 02:43:35.002520')
INSERT INTO "django_migrations" ("id","app","name","applied") VALUES (12,'auth','0007_alter_validators_add_error_messages','2022-08-10 02:43:35.013674')
INSERT INTO "django_migrations" ("id","app","name","applied") VALUES (13,'auth','0008_alter_user_username_max_length','2022-08-10 02:43:35.028687')
INSERT INTO "django_migrations" ("id","app","name","applied") VALUES (14,'auth','0009_alter_user_last_name_max_length','2022-08-10 02:43:35.052594')
INSERT INTO "django_migrations" ("id","app","name","applied") VALUES (15,'auth','0010_alter_group_name_max_length','2022-08-10 02:43:35.078682')
INSERT INTO "django_migrations" ("id","app","name","applied") VALUES (16,'auth','0011_update_proxy_permissions','2022-08-10 02:43:35.091020')
INSERT INTO "django_migrations" ("id","app","name","applied") VALUES (17,'auth','0012_alter_user_first_name_max_length','2022-08-10 02:43:35.116435')
INSERT INTO "django_migrations" ("id","app","name","applied") VALUES (18,'programming','0001_initial','2022-08-10 02:43:35.142595')
INSERT INTO "django_migrations" ("id","app","name","applied") VALUES (19,'users','0001_initial','2022-08-10 02:43:35.211117')
INSERT INTO "django_migrations" ("id","app","name","applied") VALUES (20,'sports','0001_initial','2022-08-10 02:43:35.251578')
INSERT INTO "django_migrations" ("id","app","name","applied") VALUES (21,'programming','0002_initial','2022-08-10 02:43:35.451462')
INSERT INTO "django_migrations" ("id","app","name","applied") VALUES (22,'sessions','0001_initial','2022-08-10 02:43:35.467088')
INSERT INTO "django_migrations" ("id","app","name","applied") VALUES (23,'teams','0001_initial','2022-08-10 02:43:35.558567');
