[
{
  "model": "programming.tipoespacio",
  "pk": "01",
  "fields": {
    "desc_tipo_espacio": "Unidad"
  }
},
{
  "model": "programming.tipoespacio",
  "pk": "02",
  "fields": {
    "desc_tipo_espacio": "Sede"
  }
},
{
  "model": "programming.tipoespacio",
  "pk": "03",
  "fields": {
    "desc_tipo_espacio": "Campo"
  }
},
{
  "model": "programming.tipoespacio",
  "pk": "04",
  "fields": {
    "desc_tipo_espacio": "Pista"
  }
},
{
  "model": "programming.tipoespacio",
  "pk": "05",
  "fields": {
    "desc_tipo_espacio": "Salón"
  }
},
{
  "model": "programming.tipoespacio",
  "pk": "06",
  "fields": {
    "desc_tipo_espacio": "Piscina"
  }
},
{
  "model": "programming.tipoespacio",
  "pk": "07",
  "fields": {
    "desc_tipo_espacio": "Sala de máquinas"
  }
},
{
  "model": "programming.tipoespacio",
  "pk": "08",
  "fields": {
    "desc_tipo_espacio": "Muro de escalar"
  }
},
{
  "model": "programming.espacio",
  "pk": "01",
  "fields": {
    "nom_espacio": "Unidad deportiva el Salitre",
    "tipo_espacio": "01"
  }
},
{
  "model": "programming.espacio",
  "pk": "C1",
  "fields": {
    "nom_espacio": "Campo de Fútbol Millonarios FC",
    "tipo_espacio": "03"
  }
},
{
  "model": "programming.espacio",
  "pk": "C2",
  "fields": {
    "nom_espacio": "Campo de Atletismo El Dorado",
    "tipo_espacio": "03"
  }
},
{
  "model": "programming.espacio",
  "pk": "C3",
  "fields": {
    "nom_espacio": "Campo de patinaje Cafam",
    "tipo_espacio": "03"
  }
},
{
  "model": "programming.espacio",
  "pk": "J0",
  "fields": {
    "nom_espacio": "Salón 1 Cafam Madelena",
    "tipo_espacio": "05"
  }
},
{
  "model": "programming.espacio",
  "pk": "J1",
  "fields": {
    "nom_espacio": "Salón 2 Cafam Madelena",
    "tipo_espacio": "05"
  }
},
{
  "model": "programming.espacio",
  "pk": "J2",
  "fields": {
    "nom_espacio": "Salón 3 Cafam Madelena",
    "tipo_espacio": "05"
  }
},
{
  "model": "programming.espacio",
  "pk": "J3",
  "fields": {
    "nom_espacio": "Salón 4 Cafam Madelena",
    "tipo_espacio": "05"
  }
},
{
  "model": "programming.espacio",
  "pk": "J4",
  "fields": {
    "nom_espacio": "Salón 5 Cafam Madelena",
    "tipo_espacio": "05"
  }
},
{
  "model": "programming.espacio",
  "pk": "J5",
  "fields": {
    "nom_espacio": "Salón 6 Cafam Madelena",
    "tipo_espacio": "05"
  }
},
{
  "model": "programming.espacio",
  "pk": "J6",
  "fields": {
    "nom_espacio": "Salón 7 Cafam Madelena",
    "tipo_espacio": "05"
  }
},
{
  "model": "programming.espacio",
  "pk": "J7",
  "fields": {
    "nom_espacio": "Salón 8 Cafam Madelena",
    "tipo_espacio": "05"
  }
},
{
  "model": "programming.espacio",
  "pk": "J8",
  "fields": {
    "nom_espacio": "Salón 9 Cafam Madelena",
    "tipo_espacio": "05"
  }
},
{
  "model": "programming.espacio",
  "pk": "J9",
  "fields": {
    "nom_espacio": "Salón 10 Cafam Madelena",
    "tipo_espacio": "05"
  }
},
{
  "model": "programming.espacio",
  "pk": "K0",
  "fields": {
    "nom_espacio": "Salón 1 Millonarios FC",
    "tipo_espacio": "05"
  }
},
{
  "model": "programming.espacio",
  "pk": "K1",
  "fields": {
    "nom_espacio": "Salón 2 Millonarios FC",
    "tipo_espacio": "05"
  }
},
{
  "model": "programming.espacio",
  "pk": "K2",
  "fields": {
    "nom_espacio": "Salón 3 Millonarios FC",
    "tipo_espacio": "05"
  }
},
{
  "model": "programming.espacio",
  "pk": "K3",
  "fields": {
    "nom_espacio": "Salón 4 Millonarios FC",
    "tipo_espacio": "05"
  }
},
{
  "model": "programming.espacio",
  "pk": "K4",
  "fields": {
    "nom_espacio": "Salón 5 Millonarios FC",
    "tipo_espacio": "05"
  }
},
{
  "model": "programming.espacio",
  "pk": "K5",
  "fields": {
    "nom_espacio": "Salón 6 Millonarios FC",
    "tipo_espacio": "05"
  }
},
{
  "model": "programming.espacio",
  "pk": "K6",
  "fields": {
    "nom_espacio": "Salón 7 Millonarios FC",
    "tipo_espacio": "05"
  }
},
{
  "model": "programming.espacio",
  "pk": "K7",
  "fields": {
    "nom_espacio": "Salón 8 Millonarios FC",
    "tipo_espacio": "05"
  }
},
{
  "model": "programming.espacio",
  "pk": "K8",
  "fields": {
    "nom_espacio": "Salón 9 Millonarios FC",
    "tipo_espacio": "05"
  }
},
{
  "model": "programming.espacio",
  "pk": "K9",
  "fields": {
    "nom_espacio": "Salón 10 Millonarios FC",
    "tipo_espacio": "05"
  }
},
{
  "model": "programming.espacio",
  "pk": "L0",
  "fields": {
    "nom_espacio": "Salón 10 El Dorado",
    "tipo_espacio": "05"
  }
},
{
  "model": "programming.espacio",
  "pk": "L1",
  "fields": {
    "nom_espacio": "Salón 1 El Dorado",
    "tipo_espacio": "05"
  }
},
{
  "model": "programming.espacio",
  "pk": "L2",
  "fields": {
    "nom_espacio": "Salón 2 El Dorado",
    "tipo_espacio": "05"
  }
},
{
  "model": "programming.espacio",
  "pk": "L3",
  "fields": {
    "nom_espacio": "Salón 3 El Dorado",
    "tipo_espacio": "05"
  }
},
{
  "model": "programming.espacio",
  "pk": "L4",
  "fields": {
    "nom_espacio": "Salón 4 El Dorado",
    "tipo_espacio": "05"
  }
},
{
  "model": "programming.espacio",
  "pk": "L5",
  "fields": {
    "nom_espacio": "Salón 5 El Dorado",
    "tipo_espacio": "05"
  }
},
{
  "model": "programming.espacio",
  "pk": "L6",
  "fields": {
    "nom_espacio": "Salón 6 El Dorado",
    "tipo_espacio": "05"
  }
},
{
  "model": "programming.espacio",
  "pk": "L7",
  "fields": {
    "nom_espacio": "Salón 7 El Dorado",
    "tipo_espacio": "05"
  }
},
{
  "model": "programming.espacio",
  "pk": "L8",
  "fields": {
    "nom_espacio": "Salón 8 El Dorado",
    "tipo_espacio": "05"
  }
},
{
  "model": "programming.espacio",
  "pk": "L9",
  "fields": {
    "nom_espacio": "Salón 9 El Dorado",
    "tipo_espacio": "05"
  }
},
{
  "model": "programming.espacio",
  "pk": "M1",
  "fields": {
    "nom_espacio": "Sala Máquinas Millonarios FC",
    "tipo_espacio": "07"
  }
},
{
  "model": "programming.espacio",
  "pk": "M2",
  "fields": {
    "nom_espacio": "Sala Máquinas El Dorado",
    "tipo_espacio": "07"
  }
},
{
  "model": "programming.espacio",
  "pk": "M3",
  "fields": {
    "nom_espacio": "Sala Máquinas Cafam",
    "tipo_espacio": "07"
  }
},
{
  "model": "programming.espacio",
  "pk": "N1",
  "fields": {
    "nom_espacio": "Piscina Millonarios FC",
    "tipo_espacio": "06"
  }
},
{
  "model": "programming.espacio",
  "pk": "N2",
  "fields": {
    "nom_espacio": "Piscina Olimpica El Dorado",
    "tipo_espacio": "06"
  }
},
{
  "model": "programming.espacio",
  "pk": "N3",
  "fields": {
    "nom_espacio": "Piscina Infantil Cafam",
    "tipo_espacio": "06"
  }
},
{
  "model": "programming.espacio",
  "pk": "P1",
  "fields": {
    "nom_espacio": "Pista Millonarios FC",
    "tipo_espacio": "04"
  }
},
{
  "model": "programming.espacio",
  "pk": "P2",
  "fields": {
    "nom_espacio": "Pista BMX El Dorado",
    "tipo_espacio": "04"
  }
},
{
  "model": "programming.espacio",
  "pk": "P3",
  "fields": {
    "nom_espacio": "Pista Ciclismo Cafam",
    "tipo_espacio": "04"
  }
},
{
  "model": "programming.espacio",
  "pk": "S1",
  "fields": {
    "nom_espacio": "Sede Deportiva El Dorado",
    "tipo_espacio": "02"
  }
},
{
  "model": "programming.espacio",
  "pk": "S2",
  "fields": {
    "nom_espacio": "Sede Deportiva Millonarios FC",
    "tipo_espacio": "02"
  }
},
{
  "model": "programming.espacio",
  "pk": "S3",
  "fields": {
    "nom_espacio": "Club deportivo Cafam Madelena",
    "tipo_espacio": "02"
  }
},
{
  "model": "programming.espacio",
  "pk": "U1",
  "fields": {
    "nom_espacio": "Unidad deportiva el Salitre",
    "tipo_espacio": "01"
  }
},
{
  "model": "programming.periodo",
  "pk": "20191",
  "fields": {}
},
{
  "model": "programming.periodo",
  "pk": "20192",
  "fields": {}
},
{
  "model": "programming.periodo",
  "pk": "20193",
  "fields": {}
},
{
  "model": "programming.periodo",
  "pk": "20201",
  "fields": {}
},
{
  "model": "programming.periodo",
  "pk": "20202",
  "fields": {}
},
{
  "model": "programming.periodo",
  "pk": "20203",
  "fields": {}
},
{
  "model": "programming.periodo",
  "pk": "20211",
  "fields": {}
},
{
  "model": "programming.periodo",
  "pk": "20212",
  "fields": {}
},
{
  "model": "programming.periodo",
  "pk": "20213",
  "fields": {}
},
{
  "model": "programming.periodo",
  "pk": "20221",
  "fields": {}
},
{
  "model": "programming.actividad",
  "pk": "CU",
  "fields": {
    "desc_actividad": "Curso"
  }
},
{
  "model": "programming.actividad",
  "pk": "EN",
  "fields": {
    "desc_actividad": "Entrenamiento"
  }
},
{
  "model": "programming.actividad",
  "pk": "PR",
  "fields": {
    "desc_actividad": "Práctica"
  }
},
{
  "model": "programming.hora",
  "pk": "01",
  "fields": {
    "hora": "06:00:00"
  }
},
{
  "model": "programming.hora",
  "pk": "02",
  "fields": {
    "hora": "07:00:00"
  }
},
{
  "model": "programming.hora",
  "pk": "03",
  "fields": {
    "hora": "08:00:00"
  }
},
{
  "model": "programming.hora",
  "pk": "04",
  "fields": {
    "hora": "09:00:00"
  }
},
{
  "model": "programming.hora",
  "pk": "05",
  "fields": {
    "hora": "10:00:00"
  }
},
{
  "model": "programming.hora",
  "pk": "06",
  "fields": {
    "hora": "11:00:00"
  }
},
{
  "model": "programming.hora",
  "pk": "07",
  "fields": {
    "hora": "12:00:00"
  }
},
{
  "model": "programming.hora",
  "pk": "08",
  "fields": {
    "hora": "13:00:00"
  }
},
{
  "model": "programming.hora",
  "pk": "09",
  "fields": {
    "hora": "14:00:00"
  }
},
{
  "model": "programming.hora",
  "pk": "10",
  "fields": {
    "hora": "15:00:00"
  }
},
{
  "model": "programming.hora",
  "pk": "11",
  "fields": {
    "hora": "16:00:00"
  }
},
{
  "model": "programming.hora",
  "pk": "12",
  "fields": {
    "hora": "17:00:00"
  }
},
{
  "model": "programming.hora",
  "pk": "13",
  "fields": {
    "hora": "18:00:00"
  }
},
{
  "model": "programming.hora",
  "pk": "14",
  "fields": {
    "hora": "19:00:00"
  }
},
{
  "model": "programming.hora",
  "pk": "15",
  "fields": {
    "hora": "20:00:00"
  }
},
{
  "model": "programming.hora",
  "pk": "16",
  "fields": {
    "hora": "21:00:00"
  }
},
{
  "model": "programming.hora",
  "pk": "17",
  "fields": {
    "hora": "22:00:00"
  }
},
{
  "model": "programming.dia",
  "pk": "1",
  "fields": {
    "nom_dia": "Domingo"
  }
},
{
  "model": "programming.dia",
  "pk": "2",
  "fields": {
    "nom_dia": "Lunes"
  }
},
{
  "model": "programming.dia",
  "pk": "3",
  "fields": {
    "nom_dia": "Martes"
  }
},
{
  "model": "programming.dia",
  "pk": "4",
  "fields": {
    "nom_dia": "Miércoles"
  }
},
{
  "model": "programming.dia",
  "pk": "5",
  "fields": {
    "nom_dia": "Jueves"
  }
},
{
  "model": "programming.dia",
  "pk": "6",
  "fields": {
    "nom_dia": "Viernes"
  }
},
{
  "model": "programming.dia",
  "pk": "7",
  "fields": {
    "nom_dia": "Sábado"
  }
},
{
  "model": "programming.programacion",
  "pk": 1,
  "fields": {
    "cupo": 22,
    "no_inscritos": 14,
    "periodo": "20191",
    "actividad": "CU",
    "hora_inicio": "01",
    "dia": "1",
    "deporte_fk": "01",
    "espacio": "01"
  }
},
{
  "model": "programming.programacion",
  "pk": 2,
  "fields": {
    "cupo": 10,
    "no_inscritos": 5,
    "periodo": "20191",
    "actividad": "CU",
    "hora_inicio": "02",
    "dia": "1",
    "deporte_fk": "02",
    "espacio": "S1"
  }
},
{
  "model": "programming.programacion",
  "pk": 3,
  "fields": {
    "cupo": 10,
    "no_inscritos": 4,
    "periodo": "20191",
    "actividad": "CU",
    "hora_inicio": "03",
    "dia": "1",
    "deporte_fk": "03",
    "espacio": "S2"
  }
},
{
  "model": "programming.programacion",
  "pk": 4,
  "fields": {
    "cupo": 40,
    "no_inscritos": 35,
    "periodo": "20191",
    "actividad": "CU",
    "hora_inicio": "07",
    "dia": "1",
    "deporte_fk": "06",
    "espacio": "S2"
  }
},
{
  "model": "programming.programacion",
  "pk": 5,
  "fields": {
    "cupo": 10,
    "no_inscritos": 5,
    "periodo": "20191",
    "actividad": "EN",
    "hora_inicio": "01",
    "dia": "7",
    "deporte_fk": "10",
    "espacio": "01"
  }
},
{
  "model": "programming.programacion",
  "pk": 6,
  "fields": {
    "cupo": 10,
    "no_inscritos": 10,
    "periodo": "20191",
    "actividad": "EN",
    "hora_inicio": "01",
    "dia": "7",
    "deporte_fk": "11",
    "espacio": "01"
  }
},
{
  "model": "programming.programacion",
  "pk": 7,
  "fields": {
    "cupo": 12,
    "no_inscritos": 8,
    "periodo": "20191",
    "actividad": "EN",
    "hora_inicio": "05",
    "dia": "2",
    "deporte_fk": "11",
    "espacio": "01"
  }
},
{
  "model": "programming.programacion",
  "pk": 8,
  "fields": {
    "cupo": 22,
    "no_inscritos": 15,
    "periodo": "20191",
    "actividad": "EN",
    "hora_inicio": "04",
    "dia": "4",
    "deporte_fk": "09",
    "espacio": "01"
  }
},
{
  "model": "programming.programacion",
  "pk": 9,
  "fields": {
    "cupo": 22,
    "no_inscritos": 20,
    "periodo": "20201",
    "actividad": "PR",
    "hora_inicio": "09",
    "dia": "3",
    "deporte_fk": "06",
    "espacio": "K0"
  }
},
{
  "model": "programming.programacion",
  "pk": 10,
  "fields": {
    "cupo": 22,
    "no_inscritos": 22,
    "periodo": "20191",
    "actividad": "PR",
    "hora_inicio": "10",
    "dia": "6",
    "deporte_fk": "07",
    "espacio": "L8"
  }
},
{
  "model": "programming.programacion",
  "pk": 11,
  "fields": {
    "cupo": 40,
    "no_inscritos": 35,
    "periodo": "20212",
    "actividad": "PR",
    "hora_inicio": "13",
    "dia": "5",
    "deporte_fk": "04",
    "espacio": "N2"
  }
},
{
  "model": "programming.programacion",
  "pk": 12,
  "fields": {
    "cupo": 23,
    "no_inscritos": 20,
    "periodo": "20221",
    "actividad": "PR",
    "hora_inicio": "01",
    "dia": "1",
    "deporte_fk": "04",
    "espacio": "N2"
  }
},
{
  "model": "programming.inscritopractlibre",
  "pk": 1,
  "fields": {
    "programacion": 1,
    "estudiante": "20221020010",
    "empleado": "0002"
  }
},
{
  "model": "programming.inscritopractlibre",
  "pk": 2,
  "fields": {
    "programacion": 2,
    "estudiante": "20221020007",
    "empleado": "0003"
  }
},
{
  "model": "programming.inscritopractlibre",
  "pk": 3,
  "fields": {
    "programacion": 3,
    "estudiante": "20221020004",
    "empleado": "0004"
  }
},
{
  "model": "programming.inscritopractlibre",
  "pk": 4,
  "fields": {
    "programacion": 4,
    "estudiante": "20221020001",
    "empleado": "0005"
  }
}
]
